时间,标题,内容
2020/8/7 20:38,Happy_birthday_my_love,生日快乐呀老婆其实很久我都不写东西了，文字能力估计会退化，不过既然你想，那我就稍微写写好了正如我们之前讨论过的一样，结婚其实并没有什么特别的感觉，实际上我们交往以来，所有的事情都还蛮自然而顺利的，这实在是莫大的好事。2020年是很不平凡的，不仅是因为我们结婚，更是因为人类社会其实走到了困境，未来的时代可能一年不如一年，这就尤其需要我们互相的支撑。我记得和你说过，每一天都是不平凡的，结婚也好，过年也好，生日也好，其实也并没和其他日子有什么区别。拥有这样人生观的我，现在其实非常的平和。希望这样的日子我们可以多多享受一些。过了今日你就三十岁了，当然如上所说，其实并没有什么不一样，三十岁本身不会带了什么改变，这是一个已经过了三十岁一年的人的感觉。未来其实是很虚幻的，我们并不知道将来会发生什么，我接近三十岁的时候就意识到世事无常，比如战争，其实很容易把一个人摧毁，那么接下来的人生就是在满足自己价值的情况下去和自己和解，这样既不会过于消沉，也不会沉溺于不可得的痛苦。以上的文字其实还蛮严肃的，算是一个在三十岁这个虚幻界线以内带了一年多的人的经验分享吧。于是新的一天快乐
2019/3/31 20:39,My_little_lovely_sun,我之前时常在想，陪我走到最后的到底是什么样的人。或者会不会有人。之前我一直觉得她应该是个高冷的人，因为我自己对人的关系就蛮疏离的。鉴于我还蛮喜欢自己，所以大概是一个和我比较类似的人。初见也确实有这种感觉，编剧嘛，文艺女青年，会带有一些暗示。然而接触之后才发现是个温暖的小太阳。我其实是蛮善变的，或者说原则性的东西不多，高冷也只是一个指导性偏好。加上正好被高冷伤害过。所以，小太阳真是好呀。合照，昵称，情话，饰品，带来我不曾接触过的亲密的感觉，才知我之前一直身处苦海，高冷不过是自我安慰罢了。温暖的感觉才是爱情的感觉。我一直不喜欢海誓山盟，大概从知道这个词开始，它就是负面意义的。这大概也是高冷时期的残留。然而承诺就是承诺，好不好在于人。所以我希望这份温暖长久的陪伴我，同时也给她带来同样的温暖。直至我生命的尽头。此时温暖才来我身边不久，于是我们有漫长的时间来互相接触，交换自己认为美好的事物。开心。放弃固有的执念，获得了小太阳，上苍真是对我不薄。愿从此一扫此地的阴霾。-小可爱应该会看到这个文章，我不知道你是否满意，不过你应该知道，我爱你呀
2018/11/13 23:27,2018_11_13,我放弃了执念这或许是最后的执念的，整个过程清晰而冷静。感觉非常的清爽希望能弥补过去的过失，呵护好未来非常的开心感觉获得了新生--快两年没写过什么东西了，17年是非常好运的一年18年的收获大概是认清了自己的局限我长大了
2016/3/28 0:49,2016&nbsp;3&nbsp;28,大概时间会变得越来越快，说不定三篇文章过后就2017了。我讨厌变老，还有很多事情没做呢但是
2016/1/25 23:39,2016&nbsp;1&nbsp;25,来北京之前每次我思考人生，最后得到的大部分是运气二字因为事实上我就是运气很好的那类人，&#8203;几乎每次都走向了通向好结果的那条路。尤其是无论多么接近我最终没有变成一个游戏策划，现在回想起来真是感谢上苍三年失败之后，来到北京，这两个字则变成了苦短天空高远然而青春不再&#8203;然后对死亡前所未有恐惧对时间前所未有的恐惧自然，就像俗话说的如果一个问题可以变得更糟，那么它一定会变得更糟我能感受到的情绪失控，很自然别人也能感受到。以前更多是自傲，太难控制自己的表现欲望了，现在依然是自傲，但是多了了对其他人浪费生命的愤怒&#8203;想起legalhigh&#8203;里面的冒牌宫崎骏说的话，反思一下，&#8203;虽然影响了其他人，但是我并不觉得是苦短二字的错我清楚的知道我在向一个更自我的方向前进&#8203;，孤独的行者，听起来挺酷的，然而这条路通向哪里，我并不知道。先赚点钱吧，我对美夕同志说的。其实就是先活下去吧，然后站得高点，多看一些世界。毕竟heroism=love(see(the_world))&#8203;
2015/8/31 1:26,2015&nbsp;8&nbsp;31,转眼2015也快没了继续没有想说的话，&#8203;看见了新的天空，高远的很。把自己变得更好就好了，先做好一个渺小的个体&#8203;。
2015/1/1 1:00,2015&nbsp;01&nbsp;01,果然又老了一岁刚刚有尝试从新浪搬到githubpages上面，但是因为没有好的导出工具，这件事就暂时搁置吧前两天有去了eye.info.cm异常惊讶的是这个空间三年了还没被收回所以虽然新浪很土但是似乎是惯性想写点东西的时候还是用它我现在挺讨厌回忆和总结了很累活着真的是很累&nbsp;各种事情其实都很难如意同时似乎隐隐的感觉到人生就是如此了于是更觉得无望感觉被掣肘的厉害越来越老年轻时候觉得有些事情即使老了也可以坚持但老了才知道根本无力坚持人毕竟不能逆天。。。
2014/9/12 1:56,2014&nbsp;9&nbsp;12,过去的我活在自我感觉良好中写的东西真是很羞耻啊不过好在时间已经过去很久了距离有记载的最早的文字都已经9年了人总是会变化高中时候我自己还不信当时为了证明自己永远不变而留下的文字恰恰证明了相反的结论很有趣改变总是美好的当初确实应该更早的准备行动现在的生活很有趣很有趣每个人都在自己的轨道上运行我尝试改变某些人然而不能成功其人不自知我又何苦人生依然是迷雾一片看不到光明但是也许光明自己会来找你运气决定人生
2014/5/31 10:17,2014&nbsp;05&nbsp;31,活下去&nbsp;人生还远没到终点.努力的干死他们！其实我在逃避一些事情但是没关系人生是有很多方面的相信自己
2013/9/2 23:21,2013&nbsp;9&nbsp;2,突然就懂了为什么这个国家是这个样子的.我们这些牛龟和狗.在古国的陈腐黏稠而又温暖的气息中到底有多少人向往着远方的风呢.吾希冀着.
2013/5/28 23:44,2013&nbsp;5&nbsp;28,原来改变这个世界就是我们存在的意义啊.大笑
2013/2/24 0:57,2.&nbsp;24,为什么把一个预备基因交互的过程弄得这么复杂？
2013/2/14 23:07,MOP日记02,几个月之后满级的我忙碌于无尽的随机系统之中与这片土地已经和疏离了..然而丛林的船长和半途而废的寻宝之旅让我觉得这片土地还是比外域和北极要精致很多游戏的内容非常多..在随机系统之外依然是一个能探索很久很久的世界然而非常可惜的是我却没有时间流连于此..暴雪的美工是一群完美的天才翡翠林附近的海岸和四风谷的农场都美得令人窒息..相比之下梦境般的纳格兰确只如梦境一般mop的世界才是令人神往的世界..音乐上虽然不像wlk有很多触击心灵的旋律但是中国风表现的很好..尤其是几座寺庙和宏大建筑的背景音乐-留给wow的时间越来越少..而且还主要去打本了..还如大学时候那么闲的话估计会更沉迷其中吧..
2012/12/18 13:40,一点程序的事,更低视角的类如果用c语言来实现的话，类就是一个结构体，里面有数据和处理数据的函数指针。把函数包装到类之后限制了函数的作用范围，顺便还解决了函数重名的问题。但是类的重名就没有c语言替代方案了，所以C++引入了新的关键字namespace。同样一些没有类这个语法的脚本语言中也很容易实现对类的模拟，要做的就是把函数和变量放在一个数据结构中而已。要实现继承的概念，只要把父类整个作为子类的成员就可以了。遇到函数调用，首先检查子类，如果子类中存在那么调用子类的函数，如果不存在的话，调用父类的函数。
2012/11/9 14:02,MOP日记01,序开始写一下奇怪的东西了起因是又被暴雪的任务感染了..从WLK开始暴雪的任务就已经很赞了..而MOP的任务颇有些超凡入圣的感觉啊...记录下来其实是受咬人的影响同样作为巨魔空很久以前祖达克的任务非常惭愧的没做明白...虽然任务说明也看了但是在冲级的背景下很快被淡忘了..后来咬人画祖达克的话然后又复述了一遍故事才让我对祖达克有真正的了解....所以记录下来大概是好的刚刚做完的任务回忆起来还是比较方便了-最近在四风谷暴雪说四风谷的水好所以植物动物都比较大..在水池旁碰到了一只大乌龟名字很熟悉杀死之后给的任务叫看看谁回来了更觉得它应该是以前的熟人了..难道是..哀嚎？去了暴雪的丝绸作坊...这些家伙也把丝绸的生产工艺改太多了吧--桑树才不是那种红红草本植物的造型呢...而且蚕宝宝散养在坑里（当然暴雪的蚕显然比正常的大了好多.....）然后有个熊猫人似乎对同样能作茧的蛾子比较有兴趣..培育了一个超大的蓝色飞蛾游戏里面一直跪在地上道歉..（跪姿一股清朝人的感觉...）带着陈的侄女逛了半个四风谷之后陈从本家的酿酒厂回来了..然后就是身临其境的剧情动画陈这家伙的功夫真的不错..而且暴雪这些人真是没少看功夫电影最后那个华丽的从飞身下楼..碰到了传说中的烹饪训练师...花了象征性的费用（1G啊象征性你妹）学了切桃子..十几金涨了三十点烹饪.还算良心..（当然依然无数人乐此不疲的挡npc玩..）半山的下坡就是老老愚传给老愚的农场很显然老愚这个城里人是不会干农活的..于是请我帮忙平整土地（其实就是捡石头啦..和贝爷在外籍兵团做的差不多）不知是不是故意的..这个任务是在马上也可以完成的..差距啊..而且我在外面捡石头老愚还自己跑到屋子里面去了..&nbsp;之后一个叫泥爪的棕色爪子的人来了提出收购土地当然是不能答应的接下来就看看老愚（其实是我..）怎么学着作一个阡陌客啦..（阡陌客这翻译太神了..）
2012/10/6 16:34,2012&nbsp;10&nbsp;06,游戏陷入了设计困境...想在成功的产品上更成功的确是很难的依然没有完美的融合游戏流畅度和技能系统的方法..我突然想重回学校了..现在的生活太渺小.
2012/9/13 23:39,杂言,换了房子新的比较奢侈..对钱的渴望太严重了..所谓的梦想越来越模糊人是害怕比较的自己比别人差会不高兴自己高于别人则会不安无论是能力还是想法中庸之魂...一年来沉浸于程序之中对技术的渴求越来越严重大概是眼见太多被强奸的设计者的悲剧进度缓慢各种放纵自己给自己寻找理由同时失去对作品的信心又想重制..怎么可能给个借口交接之时似乎要不稳定一点但是事情很快就结束了依然要坚持唉坚持立志流言诚不欺我..同样毫无进展揣测太麻烦了厌倦而平静是凶是吉天命也..大人的世界如此的无聊这句话写在这里&nbsp;真的像墓志铭一样..
2012/5/17 23:45,2012 5 17,我在期待结果我在被无意义的思绪吞没时间一分一秒等待抛弃终焉..会是如此么除了这部分其他依然迷茫&nbsp;我想要的梦恶心的..浪费生命生命..动物...对于未来我在腐烂....在被环境烹煮....振作努力
2012/2/23 23:27,2012 02 23,讨厌没错讨厌非常讨厌的感觉没有能力杂念缠身熟悉的讨厌的感觉.同样的固执伤害冷静别人的生活无法抗拒的思考方向何在.......................乃心讨厌的过客的感觉愤怒火乱未来周年..讨厌的敏感淡去飞
2012/1/6 0:12,档.2011 02 26 part01,很久了未能动笔并非什么也不想啊..关于政治的东西想的越多越不敢轻易动笔控制自己很难控制别人的思想又谈何容易呢..眼见网上各路先生高人之论战&nbsp;强词夺理者概念不清者直接骂人者各自拥有极致之自信令我佩服不已我之性格不善争执而却又对争论及其热衷近年来越发又不雄辩一番不能解胸中之闷之感然上文已言网路上之论者以围观和闲骂者为绝对多数真正为追求真理者或对网路之言颇为不屑不将其学放置于市井之间或虽有意分享无奈无人问津抑或被政府之信息审查过滤掉真正能有一番影响的深刻言论实为凤毛麟角..以上感叹当下中国之网络文化然我不想在此发几句牢骚而已今夜实在是想把近期所思做个总结否则思想终将湮没于时空之中..#事情的一步一步来民主也一样我厌恶这个党几个月以前我曾深切的希望2012是世界变革之日逃离这从上到下浮躁和虚伪的社会然而埃及革命了利比亚革命了我们要革命么我时常注视着路上那些沉浸于自己单调而庸俗生活的人们感叹古之贤人欲拯救苍生的伟大变革的意义在于使这个世界更加适宜变革者所以精英的革命目标必然不受这些根本不能理解精英思路之人的欢迎然而所谓人类数量是第一要素所以我很难相信精英革命成功过后新的社会是新的也许我操之过急了一个人的重大改变可能穷其一生都不能完成何况这亿万国民的思路呢所以我想我们这代人如果能真正将新文化运动再次掀起并使人人理解新文化便足够了这样我们留给世人的就是一个充满希望的未来而所谓革命我持反对态度毛说过：革命不是请客吃饭然而在这即便是非暴力游行亦有生命危险的国度暴力革命只是对生命的轻视而已网上写写文章真的能够改变这个世界么我不知道&nbsp;但我希望通过信息的流动使向往自由的人增加使察觉专制并厌恶它的人增加我以为这是进步人民的方法而游行不是在愚民面前游行作用甚微人数是关键明天的农民变成今天的精英这样的新社会才不会是另一个本朝————写的好混乱…只能给自己看了文字表达能力下降真快#想禁到自己毁灭的那天么上个部分很容易知道我最厌恶中国目前的什么有些当权者知道信息流通是专制的克星所以报禁所以封网的确真实的刺激是强烈的所以开放信息很大程度上会导致暴力革命然而邓当初真的会以为一切问题都能靠经济解决么我并不这么认为他比很多人聪明&nbsp;他会不知道经济开放肯定会使中产阶级越发壮大从而威胁到这独裁政府么缓兵之计而已但是经济增长迅速人民的政治诉求在增加禁不能解决问题吧自己解禁乃自救人民自己解禁你面临的将是毁灭有人珍爱生命并知道此时的变革只会徒有虚名然而求生存人民不知道然而事实是报禁没有任何人提及&nbsp;网络的监管反而越来越紧党的不真诚和官僚习气真是令人作呕#吃饭睡觉人之根本党之根本也我党的反对者有思想的知识分子受到基层官僚压迫的底层民众（这个还很难说）某个奇怪宗教青春期的冲动无法发泄的年轻人0的变革没有基础根本不能成功1的变革做好了是本朝初期2就不用说了3的变革可以参考文革而且他们没有一点可以称为战力的东西啊而我党呢其势力很大军队是它的民心你也很难说现在不是它的给十几亿人一个安稳的过普通生活的环境&nbsp;这才是它目前存在的意义而我希望和以上四者皆不能实现的更高的思想和社会公平的诉求乃是建立于这之上啊
2012/1/6 0:03,2012 01 06,突然间2012了陷入泥潭半年有余.无功无过.无喜无悲爱上个人思考更多的责任有所收敛但依然放纵-人世险恶各怀歹心更加清楚的看到了自己是否这就是腐烂的开始...-是否还有机会我几乎不敢写下上面的话姑且当做有然而自己的脚步却是太慢了..-走着看....
2010/7/31 15:38,只言片语,1与预想的不同我目前觉得党禁和报禁是可以同时开放的&nbsp;两者会起到相辅相成的作用争夺选民的过程同样是提升选民素质的过程2高层封建官僚基层是要钱不要命的奸商
2010/6/12 10:54,懒得多说.,爱国主义排除异见跟风被迫害妄想城墙失火殃及池鱼圣战.战你妹
2010/5/25 13:17,想点事.A,社会的公平与正义——偏向中国现状的片面分析公平与正义乃是不同层次的概念，所以本文先讨论公平，然后讨论正义。公平乃是一个群体中才有的概念，此概念的根源是人的贪念与群体中的分配不均。人活在世界上，必然有所需求，而个人感觉中的公平的基础是能否平等的满足所有人的需求，而不出现一部分人的需求被满足而另一部分的需求不被满足的状况。&nbsp;&nbsp;&nbsp;人所追求的事物，按照马斯洛的观点，分为生理需求、安全需求、社交需求、尊重需求、和自我实现需求五类，我并不完全接受这种层次分明的概念，但是为了讨论的简易型，暂时还是采用这种观点。&nbsp;&nbsp;&nbsp;所以要满足个人感觉中的公平，理论上也包括如上几点：生存条件的公平、社会角色的公平和自我实现条件的公平，社会的公平也可同样的划分（下面一段将讨论这个论点）。这将是本文的主要线索。&nbsp;&nbsp;&nbsp;上文我一直强调个人感觉的公平，这与社会的公平乃是不同的实体，社会由人构成，理想的状况是：每个人都感觉自己没有被不公平对待，这样的社会毫无疑问是公平的，然而这种状况不能成立，其主要原因是人的利己主义，个人认为的自己的需求实际上是包含了贪婪的。所以个人认为的公平是以满足自己的贪婪为基准，而社会的公平是是以满足所有人的需求为基准。这是保持社会的公平需要特别注意的一点。&nbsp;&nbsp;&nbsp;&nbsp;&nbsp;生存条件的公平，是平等的满足每个人生理需求和安全需求的综合体现，而最被国人关注的乃是资源的公平，而生存环境的公平，生理需要的公平等更加根本的需求则别无情的忽略掉，既然是偏向中国国情的片面分析，那么此处只讨论资源分配问题。&nbsp;&nbsp;前文说：公平问题的起因是贪念与分配不均，这个论点是非常适合资源问题的讨论的：贪念那是人类的本能，人类是有个体意识生物，那么为了生存下去，保存自己的基因乃是最为重要的事情，掌握更多资源的个体能够更好的生存，所以人类天生天生贪婪，实现社会的公平可以从这点入手，推行集体主义：让人更加注重人类这一个群体而不是自己的个体，这是马克思的想法，而本人不赞成，人类的天性并不是靠理想中的高道德可以抹杀的，而且事实证明道德水准与经济水平有正比关系，我个人更倾向于相信经济水准越高个人意识越强。&nbsp;&nbsp;&nbsp;&nbsp;另一个是资源分配不均，讨论这个命题之前，我们首先需要讨论的是资源：社会的总体资源分为公共资源和私有资源（这里我们放弃上端讨论的集体主义，这样讨论更适合中国特色的社会主义）。共有资源：影响他人的资源，主要是公共资金（下面会解释这个资金的来源）、公共环境（此项放弃）。私有资源：分配过后的共有资源，自己创造的资源。此资源不应作为评价社会公平的标准。&nbsp;&nbsp;&nbsp;&nbsp;下面讨论共有资源，这将分为理想的和现实的两个部分。理想上的公共资源应该只包括集体的资源，而集体是指：以自愿为基础的人类联合体，它应该是一个松散团体，占有的资源由集体内协商分配，在理想状况下社会是不存在的，同样不存在的还有国家、政府和军队等概念。所有人类分布在松散的自愿群体中。这样一切公平问题可以通过简单的离开集体的方式解决。当然这种理想状况，很难实现，它需要个人价值的极端提升和同共产主义一样的超级道德的存在。而实际上公共资源的被分割为当代集体资源（以公司资源为代表）、政府资源和国家资源（主要是国家安全资源），政府占有绝大多数资源的分配权（有的政府还占有绝大多数的资源所有权），而由于武力的特殊性，政府同样还掌握这国家资源的分配权。&nbsp;&nbsp;&nbsp;&nbsp;讨论完资源，接下来是资源的分配（这里分配的资源一律是指公共资源），我的结论是：目前社会的资源分配是不可能让所有人感到平均的，原因有三：一、社会结构并不是扁平的，有血缘、友情和利益的干扰。二、分配资源的是：人。三、可见的资源并不是全部可分的。&nbsp;&nbsp;&nbsp;&nbsp;把以上三点和人类的基本属性：贪婪，结合思考则可以更好的得出我上面的结论，同时人类具有天然的不信任感、而社会的结构是这种不信任感更加强烈，所以社会的公平是不能以每个人的感受来要求的，我们的努力目标是：使资源的分配结果在大部分人可以接受的范围之内。&nbsp;&nbsp;&nbsp;&nbsp;在前面我说过贪婪和需求的问题，如果我们按照上一段的标准，则可以很好的去除掉贪婪带来的干扰，因为大部分人类可以接受的范围是和需求的范围大致相同的（这与经济水平和他们曾经享受到的资源水平相关，但是大部分情况以上结论属实）。&nbsp;&nbsp;&nbsp;&nbsp;社会乃是由人构成的，所以尽管我不是集体主义者，当时事物的评价方式以社会中的大部分为基准是可以接受的。而且这是大部分人的默认选择。&nbsp;&nbsp;&nbsp;&nbsp;以以上结论来寻找达到社会公平途径，我们发现根据大部分原则，当富人为社会主体，则用来评价社会的主要样例来自于富人，而以穷人为主体的社会中，用来评价社会的主要样例来自于穷人。&nbsp;&nbsp;&nbsp;&nbsp;这很显然会有一个严重的问题：富人为主体的社会，忽略了穷人的公平，而反之，富人的公平也得不到保障。这就是大多数原则的致命弱点：缺少对弱势群体的关怀。&nbsp;&nbsp;&nbsp;&nbsp;为了解决这个问题，我们就需要把抽象的大概念：社会资源进行细分，同时对贫富的形成进行分析。&nbsp;&nbsp;&nbsp;&nbsp;首先是贫富差距的原因，我认为主要是三点：一、生产资料的不平等二、社会结构的非扁平三、努力程度&nbsp;&nbsp;&nbsp;&nbsp;这三点我们可以改善的并应该改善的只有第一点，因为社会关系不能扁平化，拥有继承权和内部交流权的人得到更多的资源是没有任何问题的（此处忽略因利益而形成的存在争议的社会关系，因为讨论那个将离题太远），而努力程度在第一条满足公平的条件下是纯个人行为，与社会无关。&nbsp;&nbsp;&nbsp;&nbsp;所以，我们要做的是平均生产资料，所以打土豪不正确、但分田地是社会公平的起点，是农民的胜利，但是工人的平均生产资料是困难的，因为它不是物理性质的，把一个机器拆开分给每个工人是没有任何意义的，目前可行的是股份制。&nbsp;&nbsp;&nbsp;&nbsp;除了以上的方式，还有就是社会资源的平均：教育、医疗、福利、机会、尊重。（后两点其实并不属于生存条件公平这个较低的等级，但是其对获得资源有影响，故列出），以上几点是生产资料平均的最重要方面，同时也是社会最好实现的方面。&nbsp;&nbsp;&nbsp;&nbsp;改善生产资料的平均水平是缩小贫富差距的最好方式，而在生产资料平均的前提下，大多数原则的残酷之处就会被改善。&nbsp;&nbsp;&nbsp;&nbsp;以上我们讨论了理想状况下的社会资源分配方式和以此为评价标准的社会公平定义，然而实际操作时，由于负责分配的是人，我们必须保证公共资源向私有资源的这个转换过程不会出现问题。同时还有调解可分配的社会资源和分配者独占的资源比例（政府资源、国家资源）。&nbsp;&nbsp;&nbsp;&nbsp;保持资源转化的公平的可行方法是抑制复杂的社会关系在其中的作用和广泛的监督，这里我不想过深的讨论这个问题。&nbsp;&nbsp;&nbsp;&nbsp;对于分配比例问题，理想上纯政府资源应该不存在，唯一可以叫做政府资源的应该只是政府工作人员的个人资源总和，因为政府是社会服务机构，它的资源不应该在明确提供给公众之前存在，举个例子来说明，假如公众需要学校，那么这个资金应该在通过这个决议之后有公众提供，而不是政府。简单的说，政府只是个代理，任何资源不应以政府的名义存在。&nbsp;&nbsp;&nbsp;&nbsp;集体资源，我已经说过，当前社会的主要体现是公司（中国特色社会主义的集体实际上是政府的变体，而不是集体），它的资源分配是以自愿为主的，任何外部势力不应该干预，如果集体内部人员认为不公平，那么最好的办法是离开。它的资源分配方式与社会的公平没有任何关系（垄断公司除外，那些不能通过离开来得到公平的地方，就需要社会来维护其公平了，因为它已经不是一个自适应的整体了）。&nbsp;&nbsp;&nbsp;&nbsp;国家资源，它的量是以合理为基础的，在富人占多数的社会，此资源可以在保持穷人基本生产资料平均的基础上提高，用以提高国民的安全感。而在穷人占多数的社会，此项应适当缩减，用以提高穷人的生活水平和减少贫富差距，应为那时国家的首要目的是保证国民的生存，而不是其安全。&nbsp;&nbsp;&nbsp;&nbsp;&nbsp;文章至此我已经把我对于生存权的公平中和我国国情相关的部分大致表述完全，接下来的内容应该是更高追求的平等：社会角色的公平和自我实现条件的公平，这两点涉及很多社会结构的问题，我并没有进行过太深入的思考，然而，可喜的是这并不会和我文章的题目相矛盾，因为目前中国人对此并未给予太多关注，在一个处于类似资本主义初级阶段的国家，大部分人所关注的只有资源，以至于像我最开始所说的：生存环境的公平，生理需要的公平等更加根本的需求则别无情的忽略掉，同样更高层次的公平也是在资源的公平需求的到满足时才可能考虑的内容。而且社会角色的公平要涉及到话语权的公平、选举的公平等等相当敏感的话题，这些我是并不希望在这篇文章中出现的。&nbsp;&nbsp;&nbsp;&nbsp;&nbsp;好了，关于公平的讨论先这样草草的结束吧，既然题目是：社会的公平与正义，那么接下来的话题自然是社会的正义。&nbsp;&nbsp;&nbsp;&nbsp;正义从境界上来讲是远远不如公平的，正义是一个和个人的道德取向和社会舆论密切相关的概念，而这两点都是非常模棱两可的概念。&nbsp;&nbsp;&nbsp;&nbsp;如果说个人的公平和社会的公平有密切的联系的话，那么个人心中的正义和社会的正义真是一点联系都没有了。&nbsp;&nbsp;&nbsp;&nbsp;个人心目中的正义实际上是自己道德的制高点，然而道德这个东西是说不准的，道德是直接和个人感情相关的，而个人的感情是随机的，对于和自己本体相对远的事物的评价，非常容易受到外界环境的影响，而对和自己相关的事物的态度常与一个词相关：惩恶扬善，这里面善即变成了正义。总结起来便是：和自己相关的，危害自己一方为恶，替自己报仇的一方为善；和自己无关的，自己周围人支持的为善，自己周围人谴责的为恶。大部分人的正义就是如此简单。&nbsp;&nbsp;&nbsp;&nbsp;而社会的正义呢，最自然的情况它代表的是大部分人的道德制高点，然而这有个前提：信息的完全流通。当信息通畅时，自己周围的人就会出现不同的声音，这将强迫人类做出自己的思考，自己的思考即使有时是错误的，但是信息的流通会使这种错误更好更快的得到纠正，并且帮助别人。&nbsp;&nbsp;&nbsp;&nbsp;然而既然本文由副标题，那么我们就要看看我国的情况，我国的信息是不流通的，新华社是所有关键事件的唯一发言人（目前关键事件越来越多），这种情况下，即使所有人的结论都是自己得出的，社会的正义也不会是大部分人的正义，况且信息的堵塞阻碍了个人思考，在人云亦云的环境下，正义其实只是一个道标，一个别人树立的道德路标。&nbsp;&nbsp;&nbsp;&nbsp;我们的先贤告诉我们：成王败寇，在舆论的控制之下这是必然的结果，因为生存才是人类的唯一目的，为了自己的正义而放弃自身安全的人少之又少。这样的社会正义只是一个力量问题：一开始强即正义，随着舆论的控制，接受这个正义的人越来越多，于是多即正义。多即正义是非常理想的结果，符合人类的一般思考方式并去除了强即正义的道德隐忧。&nbsp;&nbsp;&nbsp;&nbsp;&nbsp;以上，我们讨论的公平的一个非常小的方面和所谓的社会正义，我希望通过此文能够使自己逐渐僵化的头脑活动一下，同时希望我的希望能够不变成梦想。&nbsp;
2010/3/26 10:01,读点书.200910-201004,流浪地球.刘慈欣获奖作品1/18&nbsp;&nbsp;&nbsp;流浪地球是突破想象的作品其他的对于我来说一般魍魉之匣1/19&nbsp;&nbsp;&nbsp;高潮部分太精彩了.目瞪口呆星云VII1/17&nbsp;&nbsp;&nbsp;江波的主打小说我都不喜欢长铗和小麦的很精彩不过长铗依然给人一种读浦泽漫画的感觉虎头蛇尾原始人类1/17&nbsp;&nbsp;&nbsp;没有什么可说中规中矩火地之王1/16&nbsp;&nbsp;&nbsp;没什么意思说真的..科幻世界的译文版好小说真的不太多Monster1/19&nbsp;&nbsp;&nbsp;大于二十世纪少年的神作不解释.科幻世界2010041/18&nbsp;&nbsp;&nbsp;小说都很精彩.果然编辑不想干之后放开的很多.灌篮高手完全版1/110&nbsp;&nbsp;&nbsp;精美的完全版..Blame!1/19&nbsp;&nbsp;&nbsp;画风不是一般的赞.庸才1/18&nbsp;&nbsp;&nbsp;不舒服十角馆杀人预告1/19————————————————真少over.
2009/10/26 22:48,只言片语,1.究竟何为武士道此为一个值得探求的问题.2.Colma真是洗涤心灵的东西啊.3.兔子的离去是挥之不去的巨大阴霾，诡异、哀伤.4.退社是部长的奢侈，然而没有那个家伙喜欢挥霍.5.新生活.（已证明失败）6.钟期即遇.奏流水以何惭？吾何时能言此句.7.突然发现我们是不能写古汉语的.很少的读.没有写.果然是按照已死亡语言的规格来教授的.8.无民主.少自由.官僚主义.形式主义.目前最讨厌的几点.其他的还可以忍受.9.半天的时间花在Apache.PHP.Mysql上.然进展缓慢.网上的无效信息太多了.10.啤酒小说的前半部分真是好看啊.（科幻世界译文版）11.对目前的我来说.宿舍和婚姻都是坟墓.12.麻烦俄.Ogre13.人类本来就是一个无法礼遇的群体，所以当人类作为一个整体出现时，我是没有任何怜悯之心的.14.分久必和.和久必分.这个用来比喻民主和专政亦很恰当.15.很想体验那传说的声音.隐忍.等待有钱的那一刻..
2009/10/12 13:23,给usagi的,
2009/10/11 17:11,灰DT,D-TouchD为Double的缩写名字来源已不可考单余假说众多发源于天津大学建筑学院天大水面之上的唯一的动漫团体人数众多大部分已不可考原创为主原创为辅历年创作人才良莠不齐能坚持以上理念实为不易创建时间不详推测为以2009年为基准的14年前创立人亦不详估计定为建筑学院内部人员历年各种强人不断再次不详述诸君自行猜想额.楼上“额.”字为思考之副作用2009年5月左右梦想历5开始以此类推得知梦想历为历年坚持之美妙活动梦想历为何物？请自行搜索搜索无结果请出门向北同时同人志1发售2009年5月以前几月为某咖啡厅提供女仆及陪衬若干事后咖啡厅老板及若干宅暗爽不已为各方面影响深远之时而女仆及陪衬们大多散失殆尽此乃正常之人员流失与活动内涵无关此点爱酱可以作证事实证明真正的宅和真正的伪宅少有每周赶场毅力及耐心2009年5月前几月的前几月创作大行其道的日子画画赢板子然而有板子和画画多少没有直接联系大型户外上色活动然而事后摄影师脱离队伍时间继续向前笔者记忆逐渐模糊浮现的唯有欢乐二字而已大抵为一起玩之类大家自行想象欢乐此乃存在的意义DT对内而言不是社团乃是吾辈之家-------二三年相聚，百千象共萌给网站写的历史文本基本现实
2009/10/9 12:45,春日部.,一口气看完现视研真是好东西费尽能力涂了个春日部（虽然不是我喜欢的类型啊..不过这家伙确实很可爱啊）
2009/9/30 19:26,罗嗦两句.,Sina的垃圾博客像越来越多啊..居然让我关闭好友诡异好你们强大~没有人情味啊..讨厌的官僚思想嘛呀...我是来玩的不是来进步的组织这种东西在没有组织才能的孩子手里就是地狱啊..我是松散组织的最热情拥护者.小圈子水平和看东西的方法基本相同没有阶级此乃我心中的社团啊....一个向学生会这种脑残的东西靠拢的东西不是念旧的话早踢开了.物质是小人文关怀是大.官僚可怕把自己当做官僚并且被人看出来更可怕.Shit！爷也用回叹号呗...
2009/9/6 14:54,开始推,很适合只言片语或者说很适合目前只有只言片语的我..http://twitter.com/nice_robin
2009/8/24 13:54,闲杂事等 3,写了？没写&nbsp;？我是不明白了..怎么发出去的文章会消失
2009/8/23 0:00,回来,想但是怕了于是回来
2009/8/20 18:40,说开去...,从对个人命运的关心转到对民族命运的关心..如果这个改变真的成功的话也不枉我维持着博客苦心等待妙笔的再次生花...江西死人了.更早的杨叫兽的门诊不再害人了.更早引起轩然大波的网瘾界定方案政府不遗余力的让人们关注着所谓的.网瘾.（当然以上人员的配合也很重要）我们注意政府.心理学家.教育学家.有所为网瘾的少年的父母.以及帮助父母管教父母的祖父母的人们是没有一个真正喜欢网络喜欢游戏的所以他们所谓的网络成瘾症状和不听摇滚的人认为的疯狂的东西其实是一样的我窃以为网瘾界定中的正常人标准并不应该是以上这些人确定的如果你把上网（权威人士以为上网即代表浏览网页、玩游戏等一切坐在电脑前的活动我们暂时用一下这个提法吧）和看书踢足球玩桌球聊天看成一类活动的话以上这句话就很容易理解当下的大人们实际上潜意识里就把上网的位置放置于名叫没意见的水平线之下所以让局外人来制定规则是不公平的以上乃其一..网瘾界定之标准有问题.我想既然这个词不会消失那么何不把它规范化呢.告诉广大家长们什么情况才有必要采取最极端措施而不是光靠家长的主观感觉来判断这个问题把界定条件划分公平之后我想所谓的网瘾者应该只包括长时间呆在网吧的和精神受到虚拟世界严重影响的人了（这里我不含糊其辞我认为的长时间是指2天及以上因为工作原因的不算他们所需要的不是心理咨询而是辞职...而严重影响这个要心理学家来把握了.）而其他的像因上网导致学习成绩下降啊...不爱运动啊...沉默寡言之类的所谓症状都应该通过家长正确的引导沟通来解决.（我构思的方法投其所好把注意力从游戏中转移这就要多发展孩子的兴趣没有网络之前的时代有很多有意思的东西要让家长和孩子同时知道世界上并不是电子游戏最好玩&nbsp;陈清利弊这是沟通的目的要让孩子理解家长的想法同时家长要试着去理解孩子的想法沟通时切不可居高临下深入而温情适度的经济控制（不是所有孩子都敢拦路抢劫的...注意孩子的交际圈就好）家长不要把问题想的太严重不要弄僵关系........................就这些吧先想到的）所谓几千万的网瘾少年以我看来只有千分之一需要治疗措施而治疗仍应以心理咨询为主如果家长能介入或陪同治疗则是最完美的（我一直的观点是子不教父之过）了解孩子的想法以爱来挽救（暂且说挽救这个词把..）双向的理解解决的远不止网瘾这一个问题以上为其二我所想到的理想的解决方案暴力永远是最简单但最愚蠢和最有后患的解决方法人不可能完全没有情绪波动头脑发热导致自身理性与他人人权的沦丧我们不能苛求家长完全放弃暴力（尤其是我们这一个有“棍棒底下出孝子”这样古语的民族）但是头脑不能一直被愤怒所占据更不应该把这种东西看做理所当然理想的做法是承认错误然后开始沟通现实的做法是告诫自己然后开始沟通把暴力和强权看做是天理的民族是没有未来的.推崇军事化管理的人不过是历史的遗迹而已现在我们的教育强调或落实这一点的力度还远远不够而现在身为家长的那一代人相比更少正这样的土壤和互联网这个雨水才使杨叫兽这种蘑菇冒出来以上为其三对暴力的讨伐上面说到家长就像说很多传统的问题少年的问题一样说到家长必然会连带到老师我们的教育问题的讨论和改革已经做的太多了然而我们现在的教育是素质教育么我们九年义务教育和三年的高中教育可曾认认真真教过任何可以称得上是技能的东西么（我们的课本是有这样的课程但是还有像“连学习的人都不重视的技能课程”这样可笑的事情么）大学的扩招把无数根本不需要进入大学的人送进和以往十二年的学校一样的大学校园同时坚定并鼓舞了无数人民群众“唯有上大学还有出路”的观念（这个观念在农村是显意识在发达地区是潜意识）为大学做准备的教育是无聊的它怎么能和网络来竞争呢没有所谓网瘾的孩子的天平是家长灌输的观念+课程+其他因素（比如经济问题受到暴力等）&gt;=网络的精彩&nbsp;有网瘾的则是小于号我们目前加强的和没有加强的东西一目了然我们不能否认教育改革很难不是更改教材或者更改高考制度等相对简单措施所能达到的它需要改变的对象是国家的经济水准国民的思想观念等庞大的不能再庞大的对象所以以上一段以及以下所有均为理论讨论当然教育改革则会牵扯更深层次的改革所以看似几个少年彻夜未归的网瘾问题实际上比表面上看到的要大的多然而这些我们只能凭自己猜测我们的政府还停留在就事论事的阶段不愿意把国民的思想引导到更深的层次媒体上宣扬的都是表面的东西当然这也不能全怪媒体我们的时代是群体麻木浮躁的麻木的人们只对切实危害到自己的事情关心浮躁的人们则完全没有深究的耐心这里我们又可以说回家长的问题家长即是目前代表我国的国民他们麻木浮躁而且拥有我们一直以来好面子的传统麻木使得自己的孩子沉沦在沉沦的孩子之后浮躁使得两代没有交流的时间而爱面子是暴力和强权的催化剂国家由国民构成国民如此国家亦然在此请有缘读到这里的孩子们自己想吧好面子-&gt;不诚恳-&gt;麻木与浮躁从八月八日已然写到了八月九日了甚为疲惫我知道自己没有把想写的都写出来（有的不能写有的是实在在写的过程中忘记了--...）200908090111补：以上我所谓的网瘾人士不包括18岁以上的公民
2009/7/12 10:39,完整的.,一个学期很久了..为了某些目的同时也是在逃避越来越老越来越恶心的自己.一切结束然而却没有什么平静的感觉2009712很绝望因天大的移址而起因mop而甚.....不止一次的想过离开这地方而且越想越坚定.然而凡人即使升入天堂依然只能看着属于天使的美好日前几日游帝都去接受即将到来的xxoo之前的必备洗脑于是无力感更甚再向前是浑浑噩噩的第四学期没有痛苦没有幸福&nbsp;什么都没有.....就这样离开了么？真的很不甘心....浮躁、虚荣、扼杀思想的母体充斥着歧视的外部...我是生活在什么的世界呢？原来从被强迫接客后的自我疗伤到诅咒这个时代才是我真正的变化....然而它魔法免疫于是不过是从不成熟的幼稚到成熟的幼稚而已&nbsp;&nbsp;&nbsp;&nbsp;&nbsp;&nbsp;&nbsp;吃饱了&nbsp;&nbsp;&nbsp;睡觉&nbsp;&nbsp;&nbsp;别废话归处...
2009/7/10 21:17,准备工作.,2009524.004358昨天梦见我又杀人了..杀的是谁已然忘记了.印象深刻的只有被逼入绝境的绝望和醒来时的如释重负.2009526.235420尊重他人始终是我的信条之一而且目前看来也是执行的最好的信条2009526.235651我还没有到随便追人的地步很好说明还有获得真爱的机会200961.&nbsp;233711高中时啊总是想为什么SB这么多呢...大学了发现不SB的人多了而SB没减少...我算知道李老师信徒众多的原因了...200963.&nbsp;232100太在乎别人了.现在活着的确实是我么200963.234300切实的感受到我还是适合一个人200976.083925饿灰常色情的梦到石头了..真是....200978.224458nicerobin奇迹般的迷茫了孤独的迷茫产生思想被人打搅的迷茫产生....无力感...
2009/5/23 20:24,那时是身强力壮的.,很久了想把高中时的所有文字都发出来今天几乎就实现了然而新浪让我停留的一分钟使我发现那根本不能发出来啊...很多别人和自己的隐私那时还是爱情啊那时的我孤独的时候想的是岩吧..现在确实完完全全的空虚了..
2009/5/8 11:30,好像有点感觉的东西,.喜欢大白天拉着窗帘+晚上不开灯这个是个人习惯问题吧..我个人是因为怕热+晃眼和气氛&nbsp;认为自己很悲观少年们的通病.不成熟的表现或者是有抑郁症要看医生了...我属于56%的后面情况&nbsp;觉得流行音乐越来越脑残应该加上中国国籍的..因为别国的没听过没发言权..的确如此没特色题材+歌词恶心.&nbsp;认为人类和动物完全平等完全的认同以上观点会被冠以反人类的罪名吧...不认同是基因自私的表现无可厚非认同同样是.&nbsp;觉得看电影是浪费时间，但是有时会花2个小时看文艺片大部分会这样的人纯粹是在装B..&nbsp;世界上的人太多了.没什么必要继续传承我的基因了丁克的另一种表达方式..不过貌似有点歧义反中国传统.反生命的本质.--------不过只是表象大部分人是自私和一时冲动&nbsp;对哲学有兴趣但是很少或没看过哲学书籍懒那么去看看了看不进去...别看了&nbsp;宅（不要取它在中国的那个意思）挺好取沉迷某件事情的那个意思..的确挺好不过被变成宫崎+有山人渣害loli害己害人&nbsp;时常孤独.但是爱这种孤独几乎没有人是因为自闭.只不过是需要安静而已爱孤独这种说法有M和装B的嫌疑&nbsp;除了知识其他的一切都不想增加神仙的状态.适合意识上传这种技术.如果那个再能接受你是释迦摩尼&nbsp;坚定地爱中华民族但是并不坚定的爱party前一句是基本后一句选的是鲁鲁修不选的是朱雀&nbsp;对1966-1976年的中国历史感兴趣德国是个好榜样.日本是坏榜样.唉所谓不了了之&nbsp;讨厌大声说话中国人的通病.一个传承有序的民族传统&nbsp;能躲在一个角落看一天书好孩子~&nbsp;只对课程的名字感兴趣.对教授它的老师和内容一般没爱太多这样的课是你的问题不多是学校问题&nbsp;喜欢各种幻想小说第一75%是男生第二没长大第三太沉迷的话那么你单身&nbsp;喜欢收集各种东西龙的习性.我的习性.&nbsp;人生不就是一个“哗——”么从本质上来说是这样.&nbsp;有时觉得要不是为了父母现在死了也没什么..有g/bf的自己加上另一个原因不加条件的再有选的那你就去死吧加了条件选了的.看看周围还活着很多人呢---人就是这样的动物所以好好活==============================================完全是我的风格的文章..大部分人看会有困难吧..呵呵呵尽可能理解好好生活..适当思考这些特点只是你这个体系的一部分而已~&nbsp;nicerobin200957
2009/5/3 10:44,期待着我自己说：“终于一切都结束了.”的那个时候...,RT那时一定很宁静
2009/4/26 13:47,有缘的音乐.3,WithinTemptation似乎能更好的解释为什么这一系列叫做有缘的音乐.事实上有一段时间我是在baidu的音乐掌门人中找歌.感兴趣的主题是悲伤、摇滚、哥特和金属.&nbsp;而WT好像就是那时是偶然遇到的.最早听的是哪首已经忘记了..只记得那时是一边听一边疯狂的寻找他们歌.（虽然这么说那时找到的也不是很多，因为本人实在很懒惰..这也是后来用emule下歌的原因之一）&nbsp;个人很喜欢歌剧这个或许比喜欢女声哥特更能说明问题..主唱的声音真的很美..很能说明为什么他们的风格被划到Etheral上..最后ourfarewell这个可以说明以上观点&nbsp;个人喜欢pale.推荐Angels、It\'sthefear、Memories、Ourfarewell、Forgiven（都是百度上能搜到歌了..）&nbsp;&nbsp;&nbsp;Galneryus.因为Mnemosyne-ムネモシュネの娘たち-而认识.日本的新古典（Neo-Classical-新古典金属..唱法的原因.中间有大量的古典唱法..）&nbsp;爱死了ALSATIA和CAUSEDISARRAY更具体的是前一首的中部和后一首的前部疯狂的听了几十遍后.开始了一网打尽他们所有歌的计划，好在有百度贴吧这种神物而且他们也不是历史悠久的乐队..5张专辑36首歌（有些是单曲+去年的情报..）大部分都是我喜欢的风格..除了几首（是哪些忘了..）快速的吉他和鼓，高昂的嘶吼（虽然更喜欢死腔的感觉.不过这个高昂的也很爽啊~）&nbsp;----------------给个分割线-----证明风格不同---------------Riefu喜欢lifeislikeaboat时最爱的歌手..对于一个日本人来说英语真是好的不得了的..呵呵现在不是大爱的原因主要是因为声音不是那么爱了..但是rie的旋律是完美的~个人认为rie是下午四点的最佳选择..略带落寞的闲适.&nbsp;个人推荐London、ツキアカリ其他的估计只有我喜欢了..
2009/4/26 13:45,有缘的音乐.2,今次是各种j-pop（其实不对）&nbsp;FreeBird「灰羽联盟」OP美丽的钢琴曲...平静动人&nbsp;奇迹之海「罗德岛战记-英雄骑士传-」OP菅野神的作品呀.老实说最开始是被有意思的开始部分吸引的....很有史诗味道的歌.&nbsp;InnerUniverse「攻壳机动队S.A.C.」OP同样是菅野神.电子感强烈.也许会让人感到诡异的漂亮歌曲...女声给人电子梦境的感觉&nbsp;Rise「攻壳机动队S.A.C.2ndGIG」OP同样是.也给人电子感.不过诡异和梦境感没有了.&nbsp;BeautifulWorld-宇多田光因为eva...但是歌同样本身没有任何问题好歌~&nbsp;BeyondTheBounds「ANUBISZ.O.E」TM刚才才听了完整版...主要是快部分有爱..&nbsp;Dearest「犬夜叉」ED3步姐的歌吧（忘了）...没什么可说的..主要是不小心被我下到于是缘分建立~&nbsp;KeyoftheTwilight「.hackSIGN」IN喜欢里面的提琴..什么动画呀...没听说过&nbsp;LILIUM「ElfenLied」OP有点味道..我喜欢的&nbsp;OverTheSky「LASTEXILE」ED这是某治愈天后的作品饿...声音太爱了...不过貌似对我没什么治愈效果（不懂歌词的原因么...）&nbsp;Reason「高达SEEDDESTINY」ED1...上来就忘了原来熟悉的演唱者...seed的歌..现在想也就那样...&nbsp;悲伤的语感「月咏」ED同样是我喜欢的声音呀...&nbsp;超越了爱「幻想水浒传3」TM怎么说..和奇迹之海给我的感觉是一样的..像是土著的歌.（这么形容会被喷吧...）&nbsp;从那以后的你…「TOUCH大学篇」IN很温和的歌..当时听了不下十遍...让人无限感慨的&nbsp;仿如梦境「宿命传说」TM只爱一部分的典范...男声挺好的倒是&nbsp;化作泪水「诗片」EDloli音.柔和&nbsp;黄昏之海「.hackLiminality」ED同样像是部落歌曲....很有力量.为什么想起大妈--&nbsp;&nbsp;罠机动战士高达00&nbsp;ED蛋蛋的ED很赞呢（说的是mv）...和歌配合的很完美.很流畅的歌~&nbsp;尽管我们曾经在一起「机动战士高达SEED」ED1梶浦大妈（？）的歌，听烂的神曲....个人感觉比晓之车好听...尤其是阿斯兰和基拉见面的那集...前奏响起时泪水哗哗的.........&nbsp;拿去吧水手服呀~~~~~~~神曲呀~~~~~~~&nbsp;逆さまの蝶地狱少女的op..个人觉得还是单独听比较好....总觉得有点莫落的感觉&nbsp;十三之春-姫神.Himekami真不知道这是什么动画的...bug的纯音乐..太完美.ps..里面的二胡是中国人拉的&nbsp;四季之歌「混沌武士」ED和cb一样各个方面都是神作....话说这是blue？&nbsp;晓之车「机动战士高达SEED」IN耐听经典插曲&nbsp;雪の華-中島美嘉各种翻唱的j-pop代表作&nbsp;真实之诗「犬夜叉」ED5-DoAsInfinity二胡水声....&nbsp;&nbsp;最高の片想い为传说中的海豚音而下....个人感觉首高音之后的应该更低点好~
2009/4/26 13:42,有缘的音乐.1,基本原样于校内..有些没必要对自己说的删了.呢退了点东西于是自以为空闲时间多了一点..于是实现一点失眠时的企划吧~燕姿：最喜欢的非大陆歌手了吧....个人认为慢歌是神，快歌一般是渣..一开始对燕姿感兴趣是因为名字很好听.然后很人漂亮（个人喜欢红发版和Stefanie中的造型~）.一开始被某些快歌骗了.后来听到慢歌才真正喜欢~《遇见》《同类》《雨天》《我的爱》一般认为这个不好听吧...不过我很喜欢.《另一张脸》很可爱的歌.很久没听了所以现在听每一首没删的都很好--上面是真正有印象的.下面是没什么印象但是好听的..《THEMOMENT》《害怕》《开始懂了》《任性》《我不难过》听过很多遍了..好听但不是像《遇见》的神曲《相信》《心愿》《我怀念的》曹方：最喜欢的的大陆歌手！逼我改名的女人（icy=ice-&gt;nice）.最早是从某朋友的博客音乐上听到的.很喜欢她的feeling.是我让唯一在意她在唱什么的人.她的也是好几个月没听了.没什么印象.不过简单的推荐全部没有错~《比天空还远》初识时的歌.灰常赞《城市稻草人》大爱.很喜欢那音色.《忽略》难忘的旋律.其余所有~许巍：很久以前的高中军训.有人带了许巍的歌..结果我一直霸占第一次那么久听一首歌..许巍很帅.《星空》初识，但是现在并不太喜欢.-时空.漫步-那张专辑...高中时很喜欢《两天》《青鸟I&amp;II》许巍以前的歌没听全（因为懒....）.不过理论上我都会很喜欢..依旧列目前还在硬盘中的：《彩虹》《纯真》《喝茶去》《蓝莲花》《礼物》是时空.漫步中的提出来说明很赞.....以下在有被提出来的有可能是忘了..呵呵《喝茶去》《旅行》《小鱼的理想》《永远自由的心》《悠远的天空》《曾经的你》这个就是上面说的可能忘了的那首..&nbsp;好了....顺序是按我电脑的文件夹走...会有点乱...下面是杂的单曲.然后是其他类型的有名人物~&nbsp;&nbsp;《PleaseSister》-TheCardigans最早从桥那里听到..旋律赞.&nbsp;《PrisonerOfLove》-宇多田ヒカル忘了为什么会有这个.....不过很好听.&nbsp;《18andLife》-SkidRow来自百度音乐掌门人...没深挖..只有这一首..想接触摇滚是个不错的起点...吧？&nbsp;《Coniltuonome》-IvanaSpagna桥最喜欢的歌....从旋律来看是个挺悲的歌...貌似歌词讲了悲惨少女的故事吧...非常喜欢的它的高潮部分.&nbsp;《APerfectIndian》-SineadO\'Connor希望歌手信息是对的...同样来自百度（很久以前经常去地方）..同样是悲伤的歌..大赞&nbsp;《AllGoodThingsComeToAnEnd》-NellyFurtado想删了多次的歌.因为开始部分非常不吸引人...不过中间是我喜欢的唱法~&nbsp;《Eversleeping》-Xandria忘了来源...只是喜欢它的感觉&nbsp;《DayofyourBeliefs》-Amorphis貌似这个是挺有名的乐队吧...刚才知道芬兰的大牌金属...《HappyBirthday》-Flipsydefeat.t.A.T.u话说这是说唱...女声很漂亮（虽然是背景..）然后有一个很美的不断重复的钢琴~&nbsp;《DAYBREAK\'SBELL》这是蛋蛋的op还是ed来...忘了还不错&nbsp;《Don\'tCry》-GunsN\'Roses这个地球人都知道吧...枪花的名曲...话说我们这的乐队好像要唱这个啊..rose完美的声音啊.......&nbsp;《EyesOnMe》-FFVIII有王菲的中文版..还有个日文版...不过日文不好听是真的.王菲的也没觉得有多好...还是钢琴曲完美饿..&nbsp;《FLYMETOTHEMOON》-林原惠EVA的ed没记错的话是林原阿姨翻唱的吧...不过没听过原版.不过感觉不是用凌波的声音唱的...经典曲目&nbsp;《HenryLee》-NickCave&amp;PJHarvey歌词很囧....歌很悲伤.很有味道..尤其是知道他在唱什么之后..&nbsp;《It\'sNotGood-Bye》-LauraPausini貌似也是经典...不多说&nbsp;《I\'veneverbeentome》-Charlene温柔的阿姨的声音--..也是想删很多次但都没舍得的歌&nbsp;《19才》-スガシカオ啊..xxxholic的op诡异的歌....灰常有味道...也是能反复听很多遍的歌&nbsp;《KisstheRain》-BillieMyers万年经典的钢琴....&nbsp;《LaBalladeOfLadyBird》让人感到寂寞的歌..貌似是萝莉唱的..呐喊时很悲伤&nbsp;《LoveinDecember》-Club8大众歌么？&nbsp;好像是吧&nbsp;《Mydecember》-LinkinPark更大众....&nbsp;《Nemo》-Nightwish听的第一首夜愿的歌..不是最爱..&nbsp;《NothingElseMatters》-METALLICA不用说....都是百度里的摇滚...能拿上百度的.都是好听但是烂了的歌&nbsp;《Once》-SophieZelmani因为被王菲翻唱《goinghome》而在中国有名的人...不过个人觉得《goinghome》是singanddance这张专辑最不好听的歌..--而《once》《singanddance》这两个最好听~&nbsp;《OnenightinBeijing》-信乐团爱里面的京剧...&nbsp;《Duhast》-Rammstein伟大的德国战车...无需多言..这首只是前奏.&nbsp;《Sex-ImA》-Lovage实验音乐..从名字看就知道.这首歌好像很YD..不过听的时候更多感到的是悲伤...背景音乐非常非常赞&nbsp;《TheDawn》-Dreamtale传说中的亡灵序曲...神一样的音乐.forthelichking&nbsp;《SomebodyToldMe》-TheKillers很爽的歌..那天失恋了就听吧...&nbsp;《TheseKids》-JoelTurnerrap？..节奏很好&nbsp;《Timeaftertime》-倉木麻衣无论这首歌还是麻衣姐姐都不要多说吧....&nbsp;《v3》好听..没别的&nbsp;《beyondthegame》wcg的主题歌...很好的表现主题.同时很好听&nbsp;《WhatI\'veDone》-LinkinPark...&nbsp;《WhatUSee(IsWhatUGet)》-BritneySpears那谁的歌...&nbsp;《残酷的天使纲领》好多人唱过.然后最喜欢的版本是林原阿姨的..&nbsp;《挪威的森林》-伍佰纯粹是觉得伍佰的口音很有意思..&nbsp;《如果的事》-范玮琪&amp;张韶涵那个百合神曲！！旋律不是很耐听...&nbsp;《是我的海》-苏打绿类型很喜欢..不过觉得他们做的不够好...&nbsp;&nbsp;&nbsp;好了...糟糕的百度时代基本过去了.....后面的是动画.和.伟大的emule时代的各种歌！
2009/1/20 14:14,于是,于是结果验证了我的担心...&nbsp;要学习了&nbsp;加油！
2009/1/16 10:16,2009 16 1 几近崩溃,从来没有这么担心过自己的成绩....
2008/12/21 18:16,孩子们 下雪了.,下雪了..好久没有这么大的雪了各种美好
2008/12/14 22:06,2008 12 14 打字玩.......,刚刚悲剧......dota四盘我还算会用的都悲剧了......于是打字这是写于十二月三号之前的东西------------------------------------------------于是所想说算了写点东西吧，于什么我就不写了，反正大概时间地点之类的东西吧，博上写了，最近很有些能说的东西，那是那时的状况，于今我只记得我好像要写反盗版的东西（喵~这个还不是我愿意写在博上的东西）那就先写它，写到哪算那，背景：lonnie课上的讨论，自然，中国人嘛，坚决支持盗版的不在少数（我并不是由因为议题而分开的两组的人数上得到这个结论的，实际上lonnie的议题并不好这点我随后再说）他们的观点我就不提了，这是我的博，记录我自己的观点，其实我后来想（这个思想是我发言一次之后想出来的）盗版就像环境污染，的确它可以在短时间内给你带来好处（这里的好处实际并不指你省的钱而是中国的好处...有没有不知道，我并不能分析如果没有盗版中国的软件产业是会变好还是变坏，姑且认为确实有短时的好处吧，唉...想想就烦..分析这种东西）但是对将来的影响很坏，有什么坏处我记不清了--（很长时间了嘛.........）其实这也就是我想写的关于盗版的一切，只是那个比喻~~~我是反盗版的，因为我爱游戏，我希望中国发展出好的单机游戏，然而这是不可能的，因为中国是盗版的天堂，刚才突然想到其实中国一直在说发展创意产业，可对盗版这个创意产业最大的敌人，却不努力制止（其实这和环保的现状差不多）唉......不该写它的，分析这些真是又烦又让人气愤。然后是什么呢，我目前想到的可能是放弃岩吧，现在我到很后悔当初主动去认识她了，破坏了一个标准，丧失了一份信心，不爽了几分钟，高中的永别就挺好，毕竟高三的我心中的几乎是我对女生的全部期望了，现在载体没了，环境没了，心中美的底线也正接近让人崩溃的边缘，唉................真是好久没有看到新的女生了，好久没有幻想了，于是这种东西也能上博了....没有女生，还有什么呢？还有音乐还有书还有驴还有绘画还有强迫我创新的地方音乐，好像听rock想知道音乐是怎么分的（不过我是没有音乐鉴赏力的人，各种风格听不出来啊~~）最近还有的听，感谢驴书，看完了darktower的第一本，卖了姑获鸟之夏...没有时间看.....驴，万年感谢它绘画，不想说它了...没画，不想画，不会画，画的二twt，不说于是没了...........最后列下所有的id这是早就有的计划Qine.R.A.S.Icheny.TzzxQine.RasitqinerasitQ-Rasiceiceandskyighostnicerobinnice_robinnicebabyichenyunbig_grass_niceburningiceailynicerechenyue警察用的.........
2008/12/13 22:39,好吧.......不再以己度人,好吧好吧爱动漫的不都是扎在自己的世界不出来的人好吧你们也算宅也允许你们有这个词做贱自己........好吧&nbsp;我不再说话
2008/12/3 12:00,what are you doing............,doyouforgetwhyyouneedhereandwhatitshouldbelike...........
2008/11/24 17:38,nice-robin‘s book has been published~,高中的文字...有的很好&nbsp;比现在的好的多~有的很幼稚....打进电脑的时候....就很痛苦十三页~不小心按了两次print...变成了26页....喵~先这些...这几天想了很多....下周回家回家整理~期待~喵
2008/11/2 17:07,continue,两张画然后板子没了~~
2008/10/31 11:08,新画 填充荒芜,暗黑天使仙水...我很喜欢富坚的草稿....很有气势......好了可以鄙视我了~
2008/10/16 15:24,仰角60,本来是想在校内上写的不过那实在是不能让人安心写自己想写的东西的地方其实这篇才是近些天来积累的心情而上一篇不是起因是经典的莫名的郁闷...其实我大概还是能猜出来一些原因让它不是莫名主要是学习啊...课很多而且都是我信誓旦旦的说一定能学好的专业课（我也确实想学好这些课）然而却实在是静不下心来上自习...目前的状况是离散差的最少其次是计算机组成而数据结构根本就是没看过而且我还给自己找了很多的其他事情有板子想找时间画画天外天的美工我还想去看王岩可是没时间于是渐渐的没心情很严重很严重于是一直很郁闷于是直接导致我黯然逃离计算机组成的课堂向鹏翔走我早就知道看天空能缓解那时的心情于是我抬头于是心情变好甚至导致了这篇文章的诞生平淡描述的话就是这样实在是没什么可说的（这也是我在校内上没写的另外一个原因，是在是不知道怎么开头说这个事）唉....没办法继续了因为有人不过没关系&nbsp;应该能回想起来~在不久的将来
2008/10/15 11:37,2008 10 15,先贴点东西...暑假实现的一点故事我在这里好象没有太涉及我的写小说的计划啊下面简述一下：世界观有两个一个就是下面的东西所依托的“梦魇”的世界&nbsp;&nbsp;&nbsp;&nbsp;&nbsp;&nbsp;&nbsp;&nbsp;&nbsp;&nbsp;&nbsp;&nbsp;还有一个时“灵”的世界梦魇的源头是个噩梦如果我能写出来的话就是第一章发生的事情的真相然后我又加了很多其他东西比如一些对社会的思考（不过是几年前的思考了...），所以梦魇的世界还算完善。灵就不同虽然雏形比梦魇早了不少但是目前好像只有想到灵的时候的心态没有变然后灵的世界观基础设定人物都没有一个是十分确定的，其中原因简单来说梦魇是外在的正在写这个东西的我而灵则是我一直用于安慰我的另一个自己，他在变所以灵在变~还有一点说明灵和iceandsky所要表达的精神是一致的好了.......总算找到点能发东西，我为自己当时发校内却没发这里的诡异举动感到遗憾和自豪（本大人是神~）美好生活又回来了这是这个有着瘦长身形的少年听到这个星球终于有人非正常死掉的第一反应由于仙娜a所处的边缘位置尸体至少会在这没有尸检条件警察局停留12个小时而这已经足够了午夜两轮明月相继没于西方一个黑影诡异的出现并消失于六楼的窗口这个没落旅游行星对于公务员来说就是个坟墓穷困的警察局的安保措施别说和其他行星那些连垃圾桶都有红外监控设施的同类相比就是和别处普通人家都是差距巨大而简陋的安保措施则造就了现在入侵者惬意的深夜散步“...停尸房在哪里啊....就告诉我六楼...”少年无聊的扔掉手里的第四只烟，继续漫无目的的游荡“啊..是这里...”站到门口轻呼一口气片刻之后合成的电子音出现在脑海中“——欢迎！编号000，神先生！按您的吩咐，将取消进门后的自动神经链接——”银灰色的门打开里面漆黑如墨如我所愿..少年带上一副眼镜室内景物显现出来迈步向前门随即关闭由于几个小时前给自己注册ID的时候早已查清尸体所在的位置少年径直向前，最后在编号为1154的柜子前面停下来经过和门口同样的基因扫描柜子打开，眼前出现一具瘦小的男性尸体谨慎地取消自动神经链接虽然可以留下最少的痕迹但是也意味着按需而来的工具将停用，所以搬运尸体这件恶心的事必须自己做了...“要是老大在这又要唠叨了...”少年微笑着嘲弄着自己的习惯以他的水准要窃取区区十几个脏器所花的时间根本比他把尸体搬运到手术台上要少很多尸体横陈在手术台上，身材瘦小，但是肌肉结实，显然经过专门的锻炼这也说明这个人和即将给他分尸的少年一样不是以臃肿出名本地人少年松了一口气，还好这里穷疯了的警察没有把停尸房的设施全部卖掉，尸体保存的还算良好罕见的金属手术刀划过尸体胸前，结实的胸肌松弛下来，刀子没有一丝犹豫的游走着，很快胸骨完全显露出来，少年轻松的用他纤细的手臂把胸骨拽离尸体，胸腔显露出来刀子流畅的舞蹈停了下来银白色正方形显眼出现在一片暗红的背景之中具体来说是心脏表面，薄薄的一层粘膜之下一厘米见方，不到一毫米的厚度，银白色身体上有着天蓝色的编号——0507黑色屠夫的身影明显晃动了一下，甚至依靠台子才重新稳住身体身著黑色风衣的少年直直的盯着心脏上的银白色寂静，如同眼镜外面的浓重的黑暗...许久，少年轻叹一口气“没想到真的还能用上...”卷起衣服，露出右臂，将左手手指插入皮肤之中，用力一扯。赫然出现的是一个占据了少年纤细手臂的大部分的空腔，被撕裂手臂流出红色的鲜血...这并不是机械臂，而是经过高超技术改造过的人类的肢体...空腔里是装饰有天蓝色花纹的银白色圆柱少年取出心脏上的正方形，把已经被扔在一旁的胸骨放回原位，然后把圆柱上面的盖子打开，向尸体喷射了一种液体。接着从圆柱体上面撕出了像胶带一样薄膜，贴在台子侧面，然后向上到一米左右高度像里面折，看似柔软的薄膜此刻却如金属片一般被折出了棱角很快，一个透明的箱子出现在眼前
2008/10/8 20:24,some time i know what is i need................,痛苦而已......只是这样&nbsp;&nbsp;
2008/9/16 22:50,没得可写了.........,前两天画的&nbsp;早就在校内上传了......实在是没得可说了.......想买板子了不过好像是浪费钱啊........我要偷懒了我要不道德了我要写以后也许会删除的东西了新人忘记音乐变黑了胖了不会画画了安了删了玩了后悔了想学习了没了吧&nbsp;&nbsp;最后xxxholic&nbsp;很好看..................呵呵呵呵呵呵......
2008/9/12 21:28,我回来了..,如此而已...
2008/8/3 18:01,闲杂事等,回来了又要走了看看新海诚带着淡淡的感动过了一个下午疯狂的把TWT上的东西放到硬盘上既心疼被塞满的他又舍不得删掉新来的他们留言回复再留言没有了那时的无聊的勇气回复微笑回复疼痛的手腕微笑着的心中的我新帐号新开始还是宠着自己的自己渐渐温暖的凉爽的风赤裸的我为了将来的九月特此留念...20070803黄昏
2008/7/31 20:40,2008 07 26,这是第二次提笔啊事实就是这样有欲望却没有能力果然唯有痛苦才能激发人类的才能啊其他时候无论是高兴还是如我现在一般的平淡懒惰都是掩盖一切的存在啊什么也不想什么也不做就这样忍受着无聊的煎熬也能把假期耗过这么多四天之后例行的聚会就要来了我很期待即使知道那根本不会如我想象般的有意思吃饭－喝酒－网吧然后带着不能忍受的无聊和基本还能忍受的恋恋不舍开始又一段分道扬镳的岁月然后回天津住上两天然后继续同下的生活直至九月这是倒叙还是结构混乱呢这根本就不是一个有意义的问句就是结构混乱因为心是混乱的真好至少我的文字还连着我的心不管她是绮丽的幻境还是幻境散尽后的各种荒芜然后是刚才说的“下”看书ps－空之境界－科幻－素描画画clamp－blame!－andsoon背单词日语复习C++这是按照可能性的顺序所列出还算有意义的事情也是只有在空调或午夜的庇护下才能进行事情而那些即使在想昏昏欲睡都不可得的午后都能干的事情就没有记录下来的必要了那些是即便到了我有闲情逸致看这个的时候也能存在的东西果然我喜欢的十七岁是最美的啊横亘在高二下半学期和高三上半学期的我的十七岁诞生出了我的以及灵的世界观的基础就像同样诞生在蘑菇十七岁时type-moon的世界观一样知识完备而涉世未深那才是真正的梦之年龄而不是现在的矫揉造作以上算是结构混乱的延续以下则是痛并快乐的结尾
2008/6/25 21:19,也不是游记,要崩溃了快回家了吧..又要有一阵不更新了..再见和我自己说的..～
2008/6/24 23:08,这个不是游记了 ..,睡到两点总算没有辜负这个好天气不过兴致没了外院大概不会去了吧....善始不善终..有一个就行了～～
2008/6/24 0:29,可以认为是游记 的三,下雨了挨淋了然后雨停了这就是我的理工之行&nbsp;理工虽然比财经要稍微接近市区但却真是荒凉啊一所未完成学校孤单的立于荒郊之中在去网吧的路上我竟然出现一丝的怯意真是的..&nbsp;本来昨天我就犹豫是不是要来因为我早已考虑到这里没什么可玩的不过我不想太重色轻友再说这个友不是男生本来计划要是太热的话我还考虑半夜去那个超级大的湖边转转不过看来不可能了第一太冷第二我还是害怕&nbsp;貌似真是没劲啊得到的只是和朋友的几句闲聊我不用掩饰得到的真的不能补偿我所付出的通宵后的劳累网吧给我的不好的心情感冒的可能性还有献给蚊子的O型血我的夜游加通宵的计划就要结束了吧毕竟真的任何风景比不过一个自己喜欢的女生啊&nbsp;明天上午会很凉快吧奉献给伟大的睡眠吧..下一站应该是外院吧我是这样想的..就这样晚安除了我的人..-8)
2008/6/22 22:46,可以认为是游记 的二,被通宵游戏后的通下午睡眠弄得很崩溃连昨天的美好回忆都模糊了...于是好像游览的是天大于是这就没什么可说的了天大就是她那个样子最近在卖书&nbsp;从鹏翔延伸到二十三楼一边以正常的步伐向前一边浏览好像没什么需要的于是走开然后是某人在二十三楼看可爱的C++我在她身边看同样可爱的亵渎于是结束了一天就是这样
2008/6/22 4:05,可以认为是游记 的一,正如我自己在前几天所想的自放假开始的在各个学校的周游活动正式开始了首当其冲的自然是财经到这里其实游的目的是次要的自然是想见见岩增进一下了解不管有用没用财经是远啊八点到九点就花费在去它的路上了然后到处走走听听岩对她们学校的抱怨仅此而已我坐662去那里于是最先展现在我面前的是看起来还不错的宿舍和曾经被我误认为是农田或是荒地的财经的南部向北走然后右转后出现了现代建筑和那些新建的学校一样有着最能被大众接受的美好像没什么太让我印象深刻的东西其实收获颇丰终于渐渐的把我心中的现实的她补充完整了她还是和我想象的有很多区别的不过好像我也渐渐忘记了想象中的她是什么样子了于是喜欢的终于确确实实的变成了现实中的这个活着的王岩了这是好现象呵呵她还是和两仪式很相像同样的不留情面高傲同样的美丽同样的好的运动细胞（当然和式的那种不太一样）（这个确实是我没想到的&nbsp;我以己度人自以为她那样的孩子不会爱运动..真是的..）然而身体却那么不好啊....我知道她是不会我的博客的即便我告诉了她地址所以我可以肆无忌惮的在这里说话啊我的那个一同考上同济的白日梦虚幻的程度有所减轻呢呢如果说游记的话那么风景就只有她能想起来的差不多就这些吧呵呵
2008/6/21 17:56,2008/6/21,很郁闷的
2008/6/16 21:09,2008 06 16,a突然发现我是有洁癖的人呢b联系了又一次的自以为隔了很久cDT又聚会了真的很快乐d要画画了e活着活着....
2008/6/10 13:01,呢 写个计划..,快到暑假了呢就有很长的空闲时间了于是写个计划让放完假的我看看然后嘲弄一下自己首先要画画其次要学日语再其次要睡觉好像也许会去北京吧不过不是很期待我现在是对旅游没有一点兴趣了如果我喜欢一个地方的话我最期待的是在那生活一段时间做一个那里的普通人就像前两天我去师大一样只是陪同学在自习室呆了三个小时但是感觉非常好大一就要过了啊我还是我还是会写点让我自己感到高兴的文即便它们和我以前想保持的不太一样了{我现在（呢，只是我写这个的时候不代表近期）是比较平静}呢真的又不会写了哎完结了算了
2008/6/9 2:39,无语了..,端午节通宵给电了于是我也通宵的玩了第一天想写点什么写不出来第二天根本没想写点什么第三天就是现在结果要写了才知道实际上我真的是什么也写不出来了没有什么触动我心的东西每天不一样的一样的这样过下去了本来这周末是要找岩的然而没去她有事就是这样即使是与岩有关了我还是平静的这样的让时间流走人就是不知道自己是什么啊..连句话都说不清了就是这样都不想发了真是没劲啊
2008/6/5 14:28,2008-06-05 _14:28,我要学习了必须的否则线性代数一定会挂掉的我逼迫着自己这么想这就是最近的生活虚无感没有了才怪
2008/5/4 10:57,0,五月二日这个算作是时间更具体的是晚上本来想要的开头是&mdash;&mdash;我要被线性代数折磨死了可是事实并非如此唉唉有时不知道想写什么于是叹气我要回顾一下最近的日子这就是我刚才躺在床上所想的就是这个念头让我刚才很兴奋而现在很不知所措最近最近在干什么呢要说现实中的事最重要的已经在前面很是自夸了一下了不过好像是没看到呢这个还是有点挫败感好像是在追求爱情吧不过确实是很没有实感爱是爱然而却出奇地平静认识就很好吧这句话实在是...然而事实就好像在向这方面发展我一直在考虑跟她说什么考虑考虑的就要厌倦了哎呀这就是所谓的现实了我是就是不会描述啊好像文笔也越来越差了思想好像还是有点进步呢呢写到这里的时候我在想坚持坚持坚持把那个早就应该写的写了吧思想的历史这个也不能说是早就该写了这个是我最近还突然意识到的插点题外话这个突然意识到是和岩有关系的因为一直在想话题最近的脑子也动的比较多结果话题没想出来（这也可能是平静的原因，实在是不想没话找话，那样很烦的..以己度人了，爱对不对吧，最近的欲望还真是比较弱..春天过去了？？）很多其他方面倒是有点收获我一直对世界观价值观这种东西很感兴趣其实早就说过（这是对我自己而言，说过是在高中的文章里，电脑里应该没有..）我思考这种事情会让我内心迅速的平静下来（不是上述的那种清心寡欲的平静..）不过想完就忘了，对日常的我也是一种心理暗示似的影响其实我好像不知道世界观和价值观到底是什么我所思考的世界观主要是宇宙的结构啦时间的本质之类的东西好像更像是物理而不是哲学而价值观主要是人生的价值人（生命）存在的意义之类的唉唉我知道错很多不过就先这样吧要看哲学还是必须先考完今年的期末再说了前一个月时我的空想价值观好像突然系统了空想价值观，这个东西怎么说呢，就是我理想的生活里的价值观？反正不是我现在所奉行的还是先描述一下，这样说的方便一些实际上我那种价值观很有点享乐主义的意思人生只有一次我们选择这条路就不能选择这条路所以做自己想做的事吧..这个对于我这种比较懦弱的人来说算是进步吧至少我在在一些事情上犹豫不决了不过我说它是空想价值观是有道理的我是受它影响了给岩的信充分说明了这一点然而我有没有在生活上时时刻刻想着它又臭又长呢价值观到这里吧世界观这个更短本来我所思考的就是偏重科学我又没好好的看看前沿的书相对论也不理解非欧几何我认为学也不懂光靠着科普文章的只言片语只会越来越错吧呢呢就这样吧好像今天说话还有条理了呢不过一有调理就觉得忘了点什么是忘了写点什么了...唉先这样忘就忘吧祝我好运能得到吧..爱你哦（我想起来了，最近我相信神了，不过体系还不是很完整，有空再说）
2008/4/29 12:53,2008 04 29,新浪变漂亮了但是变得不太温暖了
2008/4/16 11:08,2008 04 16,暂时不更新了我找到了很久以前开始了今天我爱她毫不犹豫的无论如何都不想失去就成全我唯一的一次任性吧我是白痴于是我会没情调的把下面的发上来我告诉自己努力岩与一中两个吾永也不能释怀的事物居然戏剧性联系在一起了一个爱情一个事业吾在此间学校被培养起来的傲气与时有时无的自信使我在仅有60天的现在后悔未去一中的决定，而岩本来就与我无半点缘分，为一个万人迷一样的人物牵肠挂肚让人知道自然要狠很的嘲弄一番的，然而，经典的说法是：这就是爱情。我无法控制自己对肉体与精神的本能渴望，无法忘记那个在我心中被我自己用完美观塑造起来的近乎虚幻的美丽与智慧的结晶。最后一次，本来我在高二已说过：这一别实为永别。一对不相识的人想在各奔前程的高中后随机相遇，真是做梦。如一道流星般在天空中滑出一道美丽的轨迹却不知道落向何方本来我想用此尽情的宣泄自己的感情的然而却无论如何也不能减少半分对她的贪念她真的很迷人呢我也真是，岩每一次回来，就算一面都未曾滑过，我亦会写出很多东西而今之永别60天后便音信皆无令人思之而断肠啊我幻想以优异的成绩考上同济大学，然后在去上海的火车上与岩再一次相遇从这幼稚的童话般的故事，也可以想象的到我心中的疯狂然而我却真的想上同济呢！
2008/4/16 10:31,开始了,爱情就是那么简单的
2008/4/14 21:28,2007 04 14,对于我我干了件很伟大的事呵呵很幸福..
2008/4/9 13:57,扫除,&nbsp;我是喜欢整理东西的人..留不住草稿的趁现在还是我的时候&nbsp;发出来吧..------------&lt;少见的分割线&gt;-------------------HappybirthdayMakeawish不用假如就算是以前的我以上这两句话也什么意义我在变无法阻止从没有这样深刻的感受到我想写一些关于人生观的东西也许是终极的东西看多了吧总觉得我所经历的事都很浅薄-----------------------------------------------那天是生日&nbsp;指引人生的思想早就变了想写一下&nbsp;没成功...----------------------------------------------哎呀这是什么题目想死是吗？....呵呵不知道就在下决心写点什么时这个数字就跳到脑子里了&nbsp;就这样唉唉我的这学期结束了啊...&nbsp;-----------------------------------------------(过了几天).....唉　发草稿是不好的行为　可是删了　又可惜　----------------------------------------------这个更早.....忘了要干什么了...
2008/3/29 17:26,空     ............................,有也没有茫然&nbsp;&nbsp;&nbsp;&nbsp;没有有空&nbsp;&nbsp;&nbsp;没有比它更好的了&nbsp;&nbsp;妖艳毁灭&nbsp;&nbsp;重生的不是我&nbsp;&nbsp;是我我是什么人&nbsp;&nbsp;&nbsp;&nbsp;&nbsp;&nbsp;&nbsp;&nbsp;&nbsp;&nbsp;&nbsp;&nbsp;&nbsp;&nbsp;&nbsp;123786418654468448664863486468485635446785就是这样&nbsp;么..............
2008/3/20 14:33,一些魔法理论,"&nbsp;咒语与法阵魔法阵是一切魔法的基础所有的魔法从本质上来说由魔法阵控制的魔法元素的流动所导致的魔法阵并非一定可见它可以由魔法师在心中结成魔法阵由线条和如尼文构成（&nbsp;&nbsp;&nbsp;我们不能小看如尼文这种上古文字自身所带的魔力&nbsp;&nbsp;&nbsp;正是由于这种力量才有了易用性魔法——咒语&nbsp;&nbsp;&nbsp;一些按特定方式组合的如尼文不用线条辅助便可产生简单的魔法效果&nbsp;&nbsp;&nbsp;这种方法简单易用&nbsp;&nbsp;&nbsp;却仅能完成低阶魔法和一部分中阶魔法）注：&nbsp;&nbsp;1某些时候我们会看到魔法师在念一段冗长的咒语(这个词并不确切)实际上那&nbsp;&nbsp;&nbsp;&nbsp;只是用于辅助记忆魔法阵构成的口诀,实际的工作比那看似艰深口诀更加复杂&nbsp;&nbsp;2如尼文....（后面文字丢失.......）"
2008/3/16 22:34,有点事,我找到一个叫白色简单的人了不知道是不是那个啊说了半句话然后至今没上线失踪了不过即便那是她又如何啊我这个..
2008/3/16 22:22,没事,很久了啊什么都没想的日子天天的在干什么都不知道了昨天回家了熟悉的陌生的都有京津公路还是一片破败的样子到处堆积的土枯萎的野草五颜六色的塑料袋还是有些美感的记得小时候到天津来还是很惊异那么宽的公路的后来这种感觉失去了就是这样没什么可说的也不知道应该怎么说特别强烈的感情没有了所以就什么都没有了就这样时间在薄如白纸我的身边静静地流过去了连一点涟漪都没有..
2008/2/22 20:57,寒假NO.1,&nbsp;2008214寒假将尽啊..一如所料想的几乎一件可说的是都没做，一天天无非是睡眠和玩游戏倒是把英雄传说（6空之轨迹FC很不错的游戏呵呵..）通关了当然也有点其他的然而今天的主旨不在此半个小时前我在看中央十一个有关中国彩陶的记录片也许是遗传吧我对历史和考古有着莫名的兴趣（哎呀，我的兴趣还真是广泛呢..）看着仰韶文化的彩陶我心中有腾起了对制作陶器的兴趣小时候我是热衷于烧陶的不过技术不精几乎唯一成功的只有一个球状物吧...烧它的时候我刚看完一个介绍三星堆文化的东西，所以那个球状物上的文饰还有点三星堆文化的影子..（我自己是这么觉得...）那个应该现在还有吧..其他的大约都失败了吧..上高中后更是没有兴趣了虽然我不认为在大学时重拾中学甚至小学时的兴趣是个好主意但我却还是有这么做的趋势了唉唉明天我大概会和泥巴亲密接触一整天了吧..（顺便说一下，我现在的耐心实在是不行了，小时候总能冰封的水面砸出一个大洞的，现在连水都看不见就放弃了..）烧陶是很需要耐心的但愿能坚持吧..现在是越来越感到写东西的困难了我不想说晦涩的象征和比喻是孩子的任性不想想到那个方向，然而还是想到了那种象征会给人一种很大的成就感，让自己坚持写下去不必如现在的我忍受因眼高手低而越写越想重写后来渐渐不再想写而又不忍心不写的痛苦零下一度里的那只狗与我或许有些相似（这句话不可靠..）然而她的文字却比我漂亮多了漂亮的文字能更好的表达复杂的内心也许是冰山有想却不能露的太多的惆怅啊..高中其实这还是今天的正题就如我一直怀念的心情痛苦的要死了却开出让过去和将来的我都羡慕的文字之花像一天都没有空闲，其实却除了数学课都是空闲高三和高一对于我的心是完美的小说漫画前面美女的背影和和我一样的那群扎在幻想世界的宅们...高二是灰色的没有女生只有小说诛仙啊小兵传奇啊还有紧张的和毫无悬念的学习过程和考试结果还有离开的岩也许高二并不是很想她吧..总说高三紧张的生活会促成许多情侣的我还总以为自己错过了黄金时间现在想我也没有免俗呐...只不过是和自己的幻想和文字我确实喜欢过很多人然而都不是我心中的你在哪啊？不存在这也许是最合理的推测了女人也许像电脑心中的才是永远的最美这还真不是一般远的跑题呢语文很差啊其实我是看了高中的毕业合影才有点感觉的然而写到这也累了也烦了是不是该结束了呢是呵呵还是忘了邹雅婷
2008/2/22 20:56,七月的承诺,&nbsp;偶然翻了翻前面的东西看到了我在2007年7月18日写的一个承诺觉得很有意义：Qine.Rasit:如果你成为父亲记住以下的话：1不要嫉妒你的孩子2满足他期盼以久的愿望3不要吝惜任何值得的花费4值得的是对孩子而言而不是你5讲信用作出的保证一定要实现否则不要作6控制你自己的情绪为了自己的身体为了孩子的心理7注意自己的言谈8永远让他喜欢你不必尊敬但也不要让他无视你的存在9记住你写下这些字时的感受不要让你的孩子忍受同样的痛苦
2008/1/17 13:24,换点歌,"&nbsp;呵呵很高兴换了点歌&nbsp;还是日文的riefu和牧野由依riefu可能有名些这有很多lifeislikeaboat的功劳&nbsp;啊啊～～还是自己不写了抄点：Riefu性别：女&nbsp;&nbsp;出生地：东京都&nbsp;&nbsp;生日：1985/01/112007年7月于伦敦艺术大学油画系毕业Riefu7岁就去了欧洲,那也就是为什么日本艺人普遍存在的英语苦手问题跟她完全不搭界的缘由所在。Riefu的音乐非常具有个性，她7岁到10岁时生活在美国，由此接触到了很多美国音乐从而受到影响。回国后，她一边读书一边学习钢琴和吉他，很快得到了乐坛各方面的关注。Riefu的最大特点就是能将欧美音乐巧妙地融入日本音乐中，英日双语的歌词也是她的标志性特点之一。&nbsp;下边是我写的：她不是很漂亮附图：但是很有才在中国就不可想象了除了超女们其他按正统道路上去的好似没有这样的唉唉....现在好些不过像riefu这样的才女实在是少啊&nbsp;牧野由依（还是抄吧.....）姓名：牧野由依英文：MakinoYui性别：女出生地：东京生日：1986-01-19血型：O型(和我一样...)身高：154cm（&nbsp;和我妈差不多....）附图：唉唉..还是不知说什么好就是好听..下面还是抄：天使萝莉嗓音，最纯净的感动之音，善良纯真的美少女，实力派新人声优，才华横溢的钢琴演奏家，目前人气日益高涨中……&nbsp;很强..哦&nbsp;顺便说一句：人生的赢家是什么呢？不就是娶一个美女然后过上半床萝莉半床妻的生活...（luckystar）"
2008/1/7 20:12,再一次的2007,&nbsp;写过两次了&nbsp;都是2007一次是纸上一次是博客上还有一次是这次我不想回味那个有些狂乱的十月我也不想说那个十月是狂乱的&nbsp;我期待纯爱就像我的性格一样&nbsp;以此来说那时的我的确有些偏离我自己了然而就像我常想的&nbsp;我的理想究竟是理想还是妄想理想也许不会实现然而有它无伤大雅而妄想害人害己的说...&nbsp;我不想说我是被人抛弃然后强说自己那时是不对的虽然事实就快接近这样了我在想如果我真的得到了她又会怎么样我可以绝对的说她不是我真正想找的可是我真正想找的又在哪里我不知道纯爱的可能有没有百分之二我不知道我是否应该为了那百分之二而苦苦等待&nbsp;我是在变我是再也不能一个人自由自在的活下去了我知道人是一生而不是N生可是就在这一生的时间中做点变数真的是困难极了&nbsp;困难到不－可－能唉&nbsp;宿命&nbsp;我喜欢上了这个焕发着青春活力的老人&nbsp;&nbsp;傻子啊干嘛从暗恋的痛苦中走进失恋的痛苦呢...
2007/12/21 10:26,雪の華,歌名:雪の華作詞:satomi作曲:松本良喜編曲:松本良喜歌手:中岛美嘉のびた人陰(かげ)を&lt;不斷延伸的影子&gt;舗道に並べ&lt;在紅磚道上並列&gt;夕闇のなかをキミと歩いてる&lt;在深夜與你並肩走著&gt;手を繋いでいつまでもずっと&lt;永遠緊緊牽著手&gt;そばにいれたなら&lt;只要能在你身旁&gt;泣けちゃうくらい&lt;我就感動得快要哭泣&gt;風が冷たくなって&lt;風兒變得寒冷&gt;冬の匂いがした&lt;有了冬天的味道&gt;そろそろこの街に&lt;這條街也即將到了&gt;キミと近付ける季節がくる&lt;能和你接近的季節來臨&gt;今年、最初の雪の華を&lt;今年　最初的雪花&gt;２人寄り添って&lt;向我倆靠近&gt;眺めているこの時間(とき)に&lt;在眺望著的這個時間裡&gt;シアワセがあふれだす&lt;充滿了幸福的喜悅&gt;甘えとか弱さじゃない&lt;沒有撒嬌和脆弱&gt;ただ、キミを愛してる&lt;只是　愛着你&gt;心からそう思った&lt;打從心底愛你&gt;キミがいると　どんなことでも&lt;只要有你在　無論發生什麼&gt;乗\りきれるような気持ちになってる&lt;都會有可以克服的心情&gt;こんな日々がいつまでもきっと&lt;這樣的日子一定會&gt;続いてくことを祈っているよ&lt;直到永遠我祈祷著&gt;風が窓を揺らした&lt;風兒吹得窗搖&gt;夜は揺り起こして&lt;把夜晚搖醒&gt;どんな悲しいことも&lt;無論多麼悲傷的事&gt;ボクが笑顔へと変えてあげる&lt;我用笑容為你改變&gt;舞い落ちてきた雪の華が&lt;雪花飛舞飄落&gt;窓の外ずっと&lt;在窗外一定&gt;降りやむことを知らずに&lt;不知何時雪已停&gt;ボクらの街を染める&lt;把我們的街道染色&gt;誰かのために何かを&lt;想為某人做些什麼事&gt;したいと思えるのが&lt;原來这思念&gt;愛ということを知った&lt;就是愛&gt;もし、キミを失ったとしたなら&lt;如果　我失去了你&gt;星になってキミを照らすだろう&lt;我會變成星星照耀你&gt;笑顔も　涙に濡れてる夜も&lt;微笑　或被淚水沾濕的夜晚&gt;いつもいつでもそばにいるよ&lt;我會永遠在你身旁&gt;今年、最初の雪の華を&lt;今年　最初的雪花&gt;２人寄り添って&lt;向我倆靠近&gt;眺めているこの時間(とき)に&lt;再眺望著的這個時間裡&gt;シアワセがあふれだす&lt;充滿了幸福的喜悅&gt;甘えとか弱さじゃない&lt;沒有撒嬌和脆弱&gt;ただ、キミとずっと&lt;只是　想永遠地和你&gt;このまま一緒にいたい&lt;就這麼一直一起&gt;素直にそう思える&lt;我真心地這麼想&gt;この街に降り積もってく&lt;在這條街上堆積的&gt;真っ白な雪の華&lt;純白雪花&gt;２人の胸にそっと想い出を描くよ&lt;悄悄地在我倆胸口畫上回憶&gt;これからもキミとずっと…&lt;從今而後也要永遠和你在一起…&gt;&nbsp;我爱这首歌&nbsp;
2007/12/19 14:04,说,我现在越来越没话了唉算了写这个就是想告诉我自己我不是还在哭
2007/12/5 13:43,泪了 累了,&nbsp;我想哭..我不想变化&nbsp;我不想..&nbsp;人的心不会自己变化外物才是根本我不想在回忆那些不想再想就是想哭......&nbsp;我知道我终将死亡我知道死亡就在大学这四年中我知道死亡是好的我要有家庭我要有后代我要有妻子&nbsp;我不想但是不行我羡慕能有话在博客有话在空间的人我不是我是没话找话我把QQ空间里的话全删了那是十月的遗骸是枯萎的不舍的幼稚的爱情&nbsp;我不想写上面的话我不想失败不想他失败对于我却是早已无所谓的暗淡下来了&nbsp;爱情是什么我凭什么拥有凭什么...&nbsp;机房是什么我为什么要用它为什么？我要沉迷于知识中吗linuxphpperlCPS3DMAXMAYA.......&nbsp;我需要安慰吗需要这世界存在别的人吗需要冒着被骂“装逼”的危险把我的大脑暴露在这里吗..真的迷茫真的有没有的感觉我自己在哪里&nbsp;找到了吗要他吗那个畏惧欲望畏惧挑战畏惧人群的白痴&nbsp;累了吗忘记吧！！&nbsp;然而不舍吗...他有什么用！！我他我她四个还是两个还是一个&nbsp;是华尔街还是新墨西哥是大学还是垃圾堆&nbsp;是峡湾吗...你配吗...让人鄙视厌烦的描述失败的失败者！！&nbsp;我恨你！！
2007/11/12 8:44,2007 11 12,&nbsp;今天是固定上机编程的日子然而我们都会错了意于是就变成了全民上网的日子&nbsp;看视频上QQ校内网.....我昨天去了天津师大看了看同学大家都过得很好都是就那样的感觉&nbsp;回来的时候同学发短信过来：路上小心，到天大给我发短信&nbsp;我真的很感动同学朋友真的如同家人般得得温暖&nbsp;想来我可以受到这样的短信的时间也不多了我总是不想放弃孩子的世界越来越不想可我终究还是会离开就像有一段时间我不想上大学一样时间在走我们被它赶着接受一些我们害怕的事&nbsp;然而真正接受了也就接受了如此而已&nbsp;在我去师大的同时我的同学去了北京清华中国传媒....清华的图书馆很好传媒的饭很好传媒的美女很多....&nbsp;高三时我也曾想过去动画系也曾考虑过中国传媒不讳言我是有一丝悔意了&nbsp;我喜欢计算机我也喜欢动画然而我终于还是选择了计算机这自然是高考刚结束时的忙乱的原因&nbsp;我现在想却也很迷茫如果给我一个转系的机会我会义无反顾的选择动画吗动画的出路不是太好就是这个也许是错的的原因&nbsp;我希望能一生生活在理想中不理会复杂的人际关系不理会他人的看法就像凡高&nbsp;和他的弟弟海子就像拉斐尔&nbsp;托尔金被认为是活在十九世纪的十七世纪人我就好像活在我身体里的这个世界的异类&nbsp;不会格格不入也不会完全融合我自己是我自己的神&nbsp;这不是自负&nbsp;是逃避因为别的神不能保护我&nbsp;虽然有时很痛苦我暂时还是这样吧..&nbsp;&nbsp;&nbsp;&nbsp;
2007/11/7 17:04,日记 [2007年11月07日],&nbsp;我离我越来越远了学校或者说大学果然不像高中一样是个能痛苦的胡思乱想的地方呢天天天天快乐地空虚空虚的游离于快乐和伪郁闷之间大脑在退化理解与思考在因懒惰而减少&nbsp;心灵与肉体的分离也越来越少&nbsp;友情啊&nbsp;这个在高中一直很缺的东西也随着距离的拉开而出现了手机啊&nbsp;正如孟老师说得把人从安静的思考中拉出来....安静的思考吗在这个没有自己空间的地方没有地方没有人没有地方可以只和自己在一起&nbsp;写啊写越写越痛苦没有如潮的思路的奔涌挤很难唉活在过去的人啊我真的希望我以后还会有梦白日之梦还会有清澈的天空&nbsp;吹过森林的风&nbsp;&nbsp;&nbsp;&nbsp;&nbsp;
2007/10/21 18:00,夕阳,很小的时候看见它心里就会出现一种怅然那时我们家的后面是一片荒草地&nbsp;小时候住在我家附近的没有我这样大的孩子没人和我玩儿于是我就整天整天的在那片荒草中做着我现在已经忘了的很有意义的事我家住在那片草地的西北方所以每当天色渐晚我必须回家的时候陪着我的便是这夕阳小孩子大概会因为美妙的游戏时间的结束而悲伤只是大概至今我依然清晰的记着那种怅惘那种纯粹因夕阳而引起的感受后来初三那年不知怎么的我又去那玩了是为追寻小时候的美妙感受吧突然发现草地变小了原来隐藏这似乎无数秘密的那一片广阔空间变得很无聊了那时好像很失望又很不甘心在那片草地里寻了很久好像还是伴着夕阳回的然而却没有怅惘而也告别了童年今天我去洗澡背对着昏黄的渐沉的太阳就突然想起了小时候想起了那并不是只想起过一次的那种不应出现在小孩子头脑里的那种惆怅时间在以天的形式渡过夕阳..
2007/10/20 11:44,大学,&nbsp;大学是很好的尽管不是完美我还是在一个很多人的地方写所以思路很混乱也很不想在往下写&nbsp;只说一句大学&nbsp;是一段真正能让你做一些自己想做的事的时间&nbsp;其他时间&nbsp;很困难
2007/10/12 11:09,2007 10 12,&nbsp;不知怎么居然越来越忙了也不敢在图书馆一呆很长时间了对虚度年华的恐惧越来越深&nbsp;大学一开始不好的&nbsp;运动会啦辩论会啦&nbsp;都很无聊的本来我想描述下的可是因为上面的原因算了C++我一直想找个时间看的&nbsp;毕竟老师讲的已经比我看的要多了看书反而相当于复习啊～～高数依然在讲虽然听懂得越来越多（相对于第一章）可学的东西也会越来越多我要想好好学习的话就必须花时间复习&nbsp;啊啊～～时间啊怎么会不够用呢这可是大学呵呵本来我是想在博客里只写思想的可是破戒了思想也需要时间还需要时间把它打出来打字的速度的确有提高但依然很慢很可能半天就花在这上面了我不愿看到那样呵呵生活啊～～&nbsp;&nbsp;&nbsp;&nbsp;
2007/10/4 13:27,2007 10 04,&nbsp;潜愿望这是个自造的词用来描述自己心中不时浮现的让自己觉得幸福的某种场景我自己的潜愿望说得简单点就是牧场那种连天的芳草中包围着孤独的木屋的牧场夕阳西沉昏黄的光笼罩着年老的站在木屋前我还要有风冷静的让草来回摇晃的风时间呢就在安详中流逝思想呢就在沉静中安眠文字总有不能表达的事物况且表达出来的都是故去的东西我想象着用很慢的速度把它写进记事本希望能抓住这幸福感受的一角抓的住吗这千变万化的思想用我这笨拙的手呵呵无所谓了思想这东西会消失也可能永恒潜愿望心之所向不会被时间冲刷掉的就像叶子无论飞的多高终将回归大地说点别的我初二时便把一些思想写在纸上了一直持续到今天一开始是发泄然后是纪录一些高兴的事然后是对未来的计划后来又是发泄我是不会写作文的人所以自己认为自己写的好的东西几乎都是集中在高三时的用于发泄的东西我很懒也很懦弱所以有思想的时候都是被逼得心情很不好的时候心情不好又不想与人交流就只能自己就会为自己疗伤自己思考让自己如此痛苦的那些事或者一些关于人生的问题（那些大问题很容易使心情平和起来）很不幸的就有一些发现于是纪录在纸上后来看的时候我会发现：啊！我还知道这个啊！于是很满足认为自己那时写的真好呵呵幼稚的可爱的孩子啊后来开了博客那些自娱自乐的东西是不应该公之于众的于是试着用不发泄的态度写一些东西可是很难啊不会很优美的描述一些东西不善观察生活对生活很迟钝的我找不出新的需要思考的东西而且贴在博客上无论如何都不希望没人看冷冷清清的不好很不好最近有人告诉我写点向上的有人告诉我自己高兴就好是可是其实我这些日子一直很高兴高兴很重要么高兴使人幸福痛苦也使人幸福呵呵这样说话好像凌波啊&nbsp;看EVA时我不喜欢她她太冷了没有人情味这说明自己冷会很幸福别人冷就会很不幸福看了个朋友的QQ空间很热闹留言很多鼓励的那种像红茶一样“很温暖”人啊是不能被孤立的无论如何自己的空间用篱笆围起来就可以了让关心的光芒照进来我的东西－可以看到－都是几乎没标点还经常换行弄得好像诗一样没标点是因为我语文基础不好有些地方我不知该加什么而且我都是想什么写什么把思想直接倾倒在纸上所以很不连贯就像一块一块的加了反而不太好至于频繁的换行是因为我认为自己写的东西很无聊连成一大片的话可能没人会读了就像C++里一样增加可读性写了很多了呢好满足我一向用记事本简洁体积小不浪费这也是一种潜愿望：万事皆简清明而通透&nbsp;
2007/9/27 20:39,日记 [2007年09月27日],&nbsp;&nbsp;阎魔爱—地狱少女
2007/9/27 20:36,逆蝶,"&nbsp;逆さまの蝶作词：SNoW/山野英明作曲：SNoW/进藤安三津编曲：进藤安三津/藤田谦一演唱：SNoWいつか光に向かう逆样の蝶君と发を切る镜の中授业中の廊下响く足音绝えず雨の音がついてくるよ感じるままの形眩はしい甘い花になる毒の实にもなる今日も雨あの日と今を空と空で系ぎたいのInthiscrazynesssincerity一人一人の思いを仆らはどこかに污せるだろうかInthiscrazynessYougavemelifeひとつの思いを仆らはどこまで守れるだろうかInthiscrazynesssincerity一人一人の形を仆らはどこかに污せるだろうかInthiscrazynessYougavemelifeそれそれの形を仆らはどこまで守れるだろうか中文歌词:阳光下翩翩的蝶儿不知何时和你交相辉映在镜中课间走廊裏响起的脚步声伴随著不绝於耳的丝丝雨声我所感觉到的只是一片耀眼那带著甜香的花儿也震动著我的耳膜又一个雨天想将这时光用那天空紧紧相连inthestrangenesssincerity人哪一个人的记忆我们能将它留到天涯海角吗inthestrangenessTogivemelife对於一个记忆我们又能拥有它到何时何地呢inthestrangenesssincerity人哪一个人的模样我们能将它留到天涯海角吗inthestrangenessTogivemelife每一个记忆中的模样我们又能拥有它到何时何地呢完整罗马音:itsukahikarinimukausakasama　no　choukimi　to　kamiwo　kirukagami　no　nakajyugyouchuu　no　roukahibiku　ashiototaezu　ame　no　otogatsuitekuruyokannjiru　mamanokatachi　wamabushiiamai　hana　ninarudoku　no　minimo　narukyou　mo　ameano　hito　ima　wosora　to　sora　de　tsunagitaino*Inthiscrazynesssincerityhitori　hitori　no　omoiwobokurawadokokaninokoseru　daroukaInthiscrazyness,yougavemelifehitotsuno　omoiwobokura　wa　dokomademamoreru　daroukakimiwaoboeteiruno?sakasamanochounerunoyaritokiwatoritomemonainagasareteitemooyogerebaiitaezuhitonokoewanaminoyounishinjirumamanitsutaeruMELODYyasashiinisumunakidasusouninarutsuzukusouomoidaiyo#Inthiscrazynesssincerityhitori　hitori　no　katachiwobokura　wa　dokokaninokoseru　daroukaInthiscrazyness,yougavemelifesore　zore　no　katachiwobokura　wa　dokomademamoreru　daroukaheikotobanantekarenakimochigaarimasuhitogaikuretewomobashitemohitononakanitodokanaibashogaarukoeninaradaiihitorihitorinoomoigasukidakarananikaninarenakutemoitsunohidemokowarazu*Inthiscrazynesssincerityhitori　hitori　no　omoiwobokurawadokokaninokoseru　daroukaInthiscrazyness,yougavemelifehitotsuno　omoiwobokura　wa　dokomademamoreru　darouka#Inthiscrazynesssincerityhitori　hitori　no　katachiwobokura　wa　dokokaninokoseru　daroukaInthiscrazyness,yougavemelifesore　zore　no　katachiwobokura　wa　dokomademamoreru　daroukaInthiscrazynesssincerityhitorihitorinoakogareInthiscrazynessyougavemelifehitotsunokagayakiInthiscrazynesssincerityhitorihitorinotokimekiInthiscrazynessyougavemelifehitotsunokandouInthiscrazynesssincerityhitorihitorinomanazashiInthiscrazynessyougavemelifehitotsunoguuzenInthiscrazynesssincerityhitorihitorinonukumoriInthiscrazynessyougavemelifehitotsunoyakusoku&nbsp;&nbsp;&nbsp;&nbsp;&nbsp;&nbsp;这是从网上找到的——歌词与歌手的照片&nbsp;歌我很早就听过是个好歌希望都来听听&nbsp;"
2007/9/22 22:42,一些解释,以上那些文章可以说都是给我自己看的所以放在这里就有必要作一些解释了高中（2）：白色简单：这是一个很有才的女子是我上初中时活跃在《天津中学生》上的一个人在写那篇时我刚好又在旧书堆里翻出了她的文章感慨从那来高中（3）：岩：是我高中时暗恋的一个女生，很漂亮，学习也很好以后也许会有更多关于她的文章（老文）Ailysiss:就是埃丽西斯亵渎中的一个人物鸡的那首歌：我不想说我是鸡&nbsp;
2007/9/22 22:27,新电脑,这也是老文有日期2007年7月25日，这个新的电脑就已经正式成为我家的一员了。而惆怅也来了呢，这种惆怅在几年前搬家时也曾有过，我是个恋旧的人，时间长了之后，能对任何事物产生感情，面对背冷落的旧电脑，心中是很酸楚的。性能上的绝对差异使他被无情的抛弃，由物及人，旧电脑会在我走之后，留给我爸。旧电脑，渐渐衰老的人，组成了一幅令人动容的情景呢。由彼及此，现在壮志未酬的我总有一天会像旧电脑一样背时代无情的抛弃吧。人还真是渺小呢，历史的车轮从一代又一代或安分守己或自命清高的人身上碾压而过，无数的自以为伟大的思想片断很轻易的就沉沦了。没人记得你，即便是最孝敬的子孙也不会了解他祖先的一切。唉......就这样活着呢。
2007/9/22 22:25,高中（4）,今天的心情很冷呢写同学录写出的温润心情荡然无存了呢前几日考试有一篇叫《爱你的寂寞》的文章，思路因他而起，而心情却不是我们注定不能游离于世外呢这样的感慨是由爱情引起的吾的爱情在初中和高中是截然不同的，初中觉得美丽是一体的外表如此心定亦然，而高中却不可思议的对有些美女产生厌弃了呢女人啊原来并不是那么完美的东西，于是所有的东西也并不都是那么完美啊&nbsp;&nbsp;&nbsp;&nbsp;&nbsp;&nbsp;&nbsp;&nbsp;&nbsp;&nbsp;&nbsp;&nbsp;&nbsp;&nbsp;&nbsp;&nbsp;&nbsp;&nbsp;&nbsp;&nbsp;&nbsp;&nbsp;&nbsp;&nbsp;&nbsp;&nbsp;&nbsp;&nbsp;&nbsp;&nbsp;&nbsp;（岩是例外，我的思想培养着她，继续着世纪初的梦）否定了世事呢然后是我要否定自己呢否定否定然后就重生了呢青春就是这样逝去的青春啊矛盾无奈也许真的来自那所谓无形的压力唉思想的尽头到了呢假如思想继续欢迎我很快乐但希望是与现在同一样的东西虽然可能决无可能然而希望要有
2007/9/22 22:22,高中（3）,&nbsp;吾不想写却又不得不写门前的柳树很快就要变绿了时间也因为它的标记而被感知到年年有春但还是免不了时间的飞逝看《亵渎》被感动了不知为什么就如同某天清晨被鸡的那首歌感动一样Ailysiss的死现在想来就如岩的离去吧毫无关系的人只是出于天生的对强者的喜爱而产生的感情却居然强烈到这种地步我爷死了很久了除去写下上面几个字时的心悸外平时便毫无感觉了月也死了外面阴阴的天气本有无限之语强迫却终只能出此果2007329能被逼的写出如此东西的日子&nbsp;&nbsp;&nbsp;&nbsp;&nbsp;&nbsp;&nbsp;&nbsp;&nbsp;想来也不多了吧
2007/9/22 22:14,高中(2),2007年3月8日注定是思绪万千的日子吾很自傲，无意识的发出，而有意识的控制。而真正释放傲气的表现之一就是吾现在的行为。&nbsp;吾愿沉浸在这种年龄型的自傲而后渐渐的用自己都觉得很自然的方式结束它但白色简单等的文字却让吾做出了写这个的决定吾很无知，并因无知而自负，但这种自负却让吾不能忍受自负本身而继续向看似更高深的方向挖掘自己。吾注定不是超越自己年龄的天才当然更不能超越时代吾想证明以上已被现在的吾否认的两个命题故一直写一些看似高深的东西。吾很想高深，却找不到高深的方法，这种伪高深让吾这个期待高深的人很恼火，于是便做了吾现在做的事。然而，若干年之后吾再看此文，断然有可能全盘否定。这是现时的自傲的吾所不能忍受的。所以很矛盾解决的办法并不是吾能想到的但其中有吾不愿但有效的就是完全承认吾是高深的吾以前乃至此刻所做的皆是不世出的天才所为但同样的悖谬出现在这里吾不能向下写了未来之不可见想证明自己的狂烈心情很不痛苦但却很不甘心。
2007/9/22 22:07,高中,&nbsp;昨天说我在高中是把感想写在纸上的今天就给大家看一点吧（1）20061225又在读自己了心情凝沉今日无多喜亦无多忧这样子就很好吧纯真的文字无论清亮或沉郁甚至痛苦时光像流水一样从村正一般的我身边流过总有一天会倾颓，总有一天会证明这一切都是巧合或是电流的恣意流动然而，麻醉着亦是幸福吾很快乐&nbsp;&nbsp;&nbsp;&nbsp;&nbsp;&nbsp;&nbsp;&nbsp;&nbsp;&nbsp;&nbsp;&nbsp;&nbsp;&nbsp;&nbsp;&nbsp;&nbsp;&nbsp;二零零六年十二月二十五日&nbsp;真是飞逝......
2007/9/21 18:23,2007年9月21日,&nbsp;说点新鲜事吧&nbsp;我加了动漫社了社团这东西大概不新鲜，是大学生都会尝试吧！不过依然很高兴&nbsp;也很想和大家分享这种高兴&nbsp;我对动漫的爱不是泛爱我曾经深爱通灵王（shamanking)不过爱的原因就比较小（不伟大）我只是喜欢安娜而已也就是武井先生的画&nbsp;而火影则是故事BLEACH是名气HUNTERXHUNTER是富坚的魅力（就是脱稿的那种）&nbsp;啊啊跑了本来是说社团的天大的社团尤其是动漫社是没有多大排场的嗯很寒酸也可这么说听说合肥工业大学那学校还有coser（朽木白哉）（女coser)到场的我们的有是有不过是很晚还到场的且只有一人女仆装恕我无知没看出她cos的是谁很寒酸真不愧是学风好的学校其它的也很可以想象得到单调与无聊&nbsp;社团有个前辈画画还可以展台的画几乎都是他画的&nbsp;寒吗？呵呵没有美术基础画画就是很难啊我练了高中三年依然只能画出头部而且只限几个角度&nbsp;这就是业余团体吧和我一样的人的组织&nbsp;还是很期待的！&nbsp;最后介绍个网站www.tokyo3.cn爱EVA的人可以去看看大家中秋节快乐&nbsp;&nbsp;
